CLK_REF_COUNTER,CPU0_CLOCK_COUNTER,CPU0_CACHE_REFILL,CPU0_CACHE_ACCESS,CPU0_READ_STALL,CPU0_WRITE_STALL,CPU0_INSTR_RENAME,CPU0_BRANCH_MISS,CPU1_CLOCK_COUNTER,CPU1_CACHE_REFILL,CPU1_CACHE_ACCESS,CPU1_READ_STALL,CPU1_WRITE_STALL,CPU1_INSTR_RENAME,CPU1_BRANCH_MISS,
1717478925077803000, 283067, 0, 253054, 0, 0, 1521278, 314, 19, 0, 0, 0, 0, 0, 0, 
1717478925092802000, 438470, 0, 391849, 0, 0, 2354742, 486, 63, 0, 0, 0, 0, 0, 0, 
1717478925107804000, 594376, 0, 560214, 0, 0, 3286054, 663, 107, 0, 0, 0, 0, 0, 0, 
1717478925124376000, 762864, 0, 710695, 0, 0, 4189706, 849, 151, 0, 0, 0, 0, 0, 0, 
1717478925139386000, 923789, 0, 854421, 0, 0, 5052780, 1027, 195, 0, 0, 0, 0, 0, 0, 
1717478925154386000, 1080386, 0, 994286, 0, 0, 5892638, 1200, 239, 0, 0, 0, 0, 0, 0, 
1717478925170386000, 1246642, 0, 1142770, 0, 0, 6784302, 1384, 283, 0, 0, 0, 0, 0, 0, 
1717478925186386000, 1413730, 0, 1292003, 0, 0, 7680434, 1569, 327, 0, 0, 0, 0, 0, 0, 
1717478925203396000, 1589485, 0, 1478181, 0, 0, 8718477, 1767, 371, 0, 0, 0, 0, 0, 0, 
1717478925219396000, 1755594, 0, 1626535, 0, 0, 9609355, 1951, 415, 0, 0, 0, 0, 0, 0, 
1717478925235022000, 1914826, 0, 1768749, 0, 0, 10463349, 2127, 459, 0, 0, 0, 0, 0, 0, 
1717478925250120000, 2079289, 0, 1915637, 0, 0, 11345399, 2309, 503, 0, 0, 0, 0, 0, 0, 
1717478925266175000, 2243937, 0, 2062688, 0, 0, 12228439, 2491, 547, 0, 0, 0, 0, 0, 0, 
1717478925282190000, 2408702, 0, 2238973, 0, 0, 13207276, 2678, 591, 0, 0, 0, 0, 0, 0, 
1717478925298212000, 2573952, 0, 2386559, 0, 0, 14093554, 2861, 635, 0, 0, 0, 0, 0, 0, 
1717478925313849000, 2740327, 0, 2535154, 0, 0, 14985854, 3045, 679, 0, 0, 0, 0, 0, 0, 
1717478925329596000, 2899427, 0, 2677250, 0, 0, 15839140, 3221, 723, 0, 0, 0, 0, 0, 0, 
1717478925344250000, 3055822, 0, 2816931, 0, 0, 16677912, 3394, 767, 0, 0, 0, 0, 0, 0, 
1717478925360192000, 3220006, 0, 2963570, 0, 0, 17558452, 3575, 811, 0, 0, 0, 0, 0, 0, 
1717478925375371000, 3375868, 0, 3131896, 0, 0, 18489556, 3751, 855, 0, 0, 0, 0, 0, 0, 
1717478925390674000, 3541005, 0, 3279386, 0, 0, 19375200, 3933, 899, 0, 0, 0, 0, 0, 0, 
1717478925424102000, 3887114, 0, 3588506, 0, 0, 21231458, 4316, 963, 0, 0, 0, 0, 0, 0, 
1717478925485684000, 4531833, 0, 4193529, 0, 0, 24784661, 5034, 1027, 0, 0, 0, 0, 0, 0, 
1717478925548791000, 5185713, 0, 4806690, 0, 0, 28386808, 5777, 1091, 0, 0, 0, 0, 0, 0, 
1717478925610559000, 5829594, 0, 5381758, 0, 0, 31840064, 6490, 1155, 0, 0, 0, 0, 0, 0, 
1717478925672692000, 6481708, 0, 5993302, 0, 0, 35432668, 7215, 1219, 0, 0, 0, 0, 0, 0, 
1717478925735265000, 7131472, 0, 6602828, 0, 0, 39012906, 7936, 1283, 0, 0, 0, 0, 0, 0, 
1717478925798970000, 7790944, 0, 7191820, 0, 0, 42549802, 8666, 1347, 0, 0, 0, 0, 0, 0, 
1717478925861170000, 8439328, 0, 7800047, 0, 0, 46122400, 9392, 1411, 0, 0, 0, 0, 0, 0, 
1717478925923105000, 9087358, 0, 8407944, 0, 0, 49693062, 10111, 1475, 0, 0, 0, 0, 0, 0, 
1717478925985763000, 9736963, 0, 8988127, 0, 0, 53177036, 10829, 1539, 0, 0, 0, 0, 0, 0, 
1717478926046843000, 10372846, 0, 9585255, 0, 0, 56682831, 11536, 1603, 0, 0, 0, 0, 0, 0, 
1717478926109136000, 11019125, 0, 10191590, 0, 0, 60244137, 12255, 1667, 0, 0, 0, 0, 0, 0, 
1717478926172622000, 11680423, 0, 10811335, 0, 0, 63885965, 12989, 1731, 0, 0, 0, 0, 0, 0, 
1717478926235244000, 12334818, 0, 11395794, 0, 0, 67395621, 13712, 1795, 0, 0, 0, 0, 0, 0, 
1717478926296277000, 12977185, 0, 11998712, 0, 0, 70936218, 14427, 1859, 0, 0, 0, 0, 0, 0, 
1717478926358589000, 13620353, 0, 12602270, 0, 0, 74480821, 15142, 1923, 0, 0, 0, 0, 0, 0, 
1717478926420962000, 14273308, 0, 13185442, 0, 0, 77982741, 15864, 1987, 0, 0, 0, 0, 0, 0, 
1717478926482011000, 14910595, 0, 13783744, 0, 0, 81495809, 16572, 2051, 0, 0, 0, 0, 0, 0, 
1717478926545183000, 15560337, 0, 14393249, 0, 0, 85075960, 17295, 2115, 0, 0, 0, 0, 0, 0, 
1717478926607459000, 16213087, 0, 14976238, 0, 0, 88576760, 18017, 2179, 0, 0, 0, 0, 0, 0, 
1717478926669381000, 16856540, 0, 15580052, 0, 0, 92122914, 18733, 2243, 0, 0, 0, 0, 0, 0, 
1717478926730627000, 17499731, 0, 16183622, 0, 0, 95667659, 19446, 2307, 0, 0, 0, 0, 0, 0, 
1717478926793936000, 18156719, 0, 16799603, 0, 0, 99286640, 20176, 2371, 0, 0, 0, 0, 0, 0, 
1717478926856316000, 18802724, 0, 17376566, 0, 0, 102751302, 20891, 2435, 0, 0, 0, 0, 0, 0, 
1717478926918700000, 19457939, 0, 17990886, 0, 0, 106360512, 21621, 2499, 0, 0, 0, 0, 0, 0, 
1717478926980795000, 20101508, 0, 18594798, 0, 0, 109907272, 22335, 2563, 0, 0, 0, 0, 0, 0, 
1717478927041811000, 20740962, 0, 19165911, 0, 0, 113336778, 23042, 2627, 0, 0, 0, 0, 0, 0, 
1717478927105768000, 21400406, 0, 19784082, 0, 0, 116968969, 23776, 2691, 0, 0, 0, 0, 0, 0, 
1717478927166441000, 22040434, 0, 20384834, 0, 0, 120496722, 24489, 2755, 0, 0, 0, 0, 0, 0, 
1717478927230485000, 22699761, 0, 20973697, 0, 0, 124032844, 25218, 2819, 0, 0, 0, 0, 0, 0, 
1717478927291753000, 23340584, 0, 21575157, 0, 0, 127564848, 25930, 2883, 0, 0, 0, 0, 0, 0, 
1717478927353128000, 23984452, 0, 22179417, 0, 0, 131113505, 26646, 2947, 0, 0, 0, 0, 0, 0, 
1717478927416322000, 24634415, 0, 22789042, 0, 0, 134694544, 27369, 3011, 0, 0, 0, 0, 0, 0, 
1717478927477443000, 25272665, 0, 23359081, 0, 0, 138117602, 28074, 3075, 0, 0, 0, 0, 0, 0, 
1717478927538836000, 25918655, 0, 23965153, 0, 0, 141677358, 28791, 3139, 0, 0, 0, 0, 0, 0, 
1717478927603122000, 26579712, 0, 24584767, 0, 0, 145318170, 29525, 3203, 0, 0, 0, 0, 0, 0, 
1717478927664093000, 27219961, 0, 25156592, 0, 0, 148751946, 30233, 3267, 0, 0, 0, 0, 0, 0, 
1717478927725938000, 27867222, 0, 25763802, 0, 0, 152318518, 30955, 3331, 0, 0, 0, 0, 0, 0, 
1717478927789911000, 28528288, 0, 26383344, 0, 0, 155959112, 31689, 3395, 0, 0, 0, 0, 0, 0, 
1717478927850967000, 29168906, 0, 26955496, 0, 0, 159394884, 32398, 3459, 0, 0, 0, 0, 0, 0, 
1717478927912045000, 29805421, 0, 27553188, 0, 0, 162904054, 33106, 3523, 0, 0, 0, 0, 0, 0, 
1717478927976429000, 30471056, 0, 28176811, 0, 0, 166569188, 33848, 3587, 0, 0, 0, 0, 0, 0, 
1717478928037703000, 31106476, 0, 28773445, 0, 0, 170072216, 34553, 3651, 0, 0, 0, 0, 0, 0, 
1717478928100249000, 31760095, 0, 29357211, 0, 0, 173577704, 35276, 3715, 0, 0, 0, 0, 0, 0, 
1717478928164250000, 32426483, 0, 29981585, 0, 0, 177247117, 36017, 3779, 0, 0, 0, 0, 0, 0, 
1717478928226804000, 33081703, 0, 30595908, 0, 0, 180856379, 36747, 3843, 0, 0, 0, 0, 0, 0, 
1717478928289776000, 33734812, 0, 31179217, 0, 0, 184359121, 37470, 3907, 0, 0, 0, 0, 0, 0, 
1717478928351095000, 34372926, 0, 31778257, 0, 0, 187876631, 38177, 3971, 0, 0, 0, 0, 0, 0, 
1717478928413648000, 35024586, 0, 32389471, 0, 0, 191467057, 38901, 4035, 0, 0, 0, 0, 0, 0, 
1717478928476240000, 35680310, 0, 33004244, 0, 0, 195079002, 39631, 4099, 0, 0, 0, 0, 0, 0, 
1717478928538399000, 36329644, 0, 33584183, 0, 0, 198561502, 40349, 4163, 0, 0, 0, 0, 0, 0, 
1717478928599181000, 36961887, 0, 34177978, 0, 0, 202047514, 41051, 4227, 0, 0, 0, 0, 0, 0, 
1717478928662649000, 37617327, 0, 34792575, 0, 0, 205658211, 41780, 4291, 0, 0, 0, 0, 0, 0, 
1717478928725314000, 38274540, 0, 35379550, 0, 0, 209182975, 42506, 4355, 0, 0, 0, 0, 0, 0, 
1717478928789313000, 38936994, 0, 36000334, 0, 0, 212831035, 43245, 4419, 0, 0, 0, 0, 0, 0, 
1717478928850863000, 39578100, 0, 36602043, 0, 0, 216364578, 43955, 4483, 0, 0, 0, 0, 0, 0, 
1717478928914437000, 40247497, 0, 37199899, 0, 0, 219954674, 44695, 4547, 0, 0, 0, 0, 0, 0, 
1717478928977878000, 40900112, 0, 37811974, 0, 0, 223550223, 45422, 4611, 0, 0, 0, 0, 0, 0, 
1717478929040223000, 41548954, 0, 38420595, 0, 0, 227125282, 46145, 4675, 0, 0, 0, 0, 0, 0, 
1717478929101912000, 42194702, 0, 39026456, 0, 0, 230683720, 46861, 4739, 0, 0, 0, 0, 0, 0, 
1717478929163817000, 42836330, 0, 39599510, 0, 0, 234124902, 47571, 4803, 0, 0, 0, 0, 0, 0, 
1717478929226439000, 43489682, 0, 40212242, 0, 0, 237724385, 48297, 4867, 0, 0, 0, 0, 0, 0, 
1717478929287090000, 44122421, 0, 40806484, 0, 0, 241213072, 49001, 4931, 0, 0, 0, 0, 0, 0, 
1717478929351089000, 44788021, 0, 41400950, 0, 0, 244782812, 49737, 4995, 0, 0, 0, 0, 0, 0, 
1717478929413050000, 45437081, 0, 42009764, 0, 0, 248359017, 50457, 5059, 0, 0, 0, 0, 0, 0, 
1717478929475983000, 46088321, 0, 42620609, 0, 0, 251947176, 51181, 5123, 0, 0, 0, 0, 0, 0, 
1717478929538398000, 46741746, 0, 43204202, 0, 0, 255451632, 51904, 5187, 0, 0, 0, 0, 0, 0, 
1717478929600199000, 47382041, 0, 43805194, 0, 0, 258980834, 52618, 5251, 0, 0, 0, 0, 0, 0, 
1717478929663154000, 48043039, 0, 44424669, 0, 0, 262621061, 53350, 5315, 0, 0, 0, 0, 0, 0, 
1717478929724358000, 48678213, 0, 45021163, 0, 0, 266123082, 54057, 5379, 0, 0, 0, 0, 0, 0, 
1717478929786553000, 49322482, 0, 45596580, 0, 0, 269578408, 54769, 5443, 0, 0, 0, 0, 0, 0, 
1717478929849173000, 49979567, 0, 46212569, 0, 0, 273197668, 55502, 5507, 0, 0, 0, 0, 0, 0, 
1717478929911172000, 50621356, 0, 46814887, 0, 0, 276734886, 56214, 5571, 0, 0, 0, 0, 0, 0, 
1717478929973716000, 51273123, 0, 47396999, 0, 0, 280230442, 56935, 5635, 0, 0, 0, 0, 0, 0, 
1717478930037352000, 51942827, 0, 48024336, 0, 0, 283917623, 57680, 5699, 0, 0, 0, 0, 0, 0, 
1717478930100458000, 52592036, 0, 48633289, 0, 0, 287494635, 58403, 5763, 0, 0, 0, 0, 0, 0, 
1717478930161450000, 53231949, 0, 49204814, 0, 0, 290926623, 59111, 5827, 0, 0, 0, 0, 0, 0, 
1717478930223202000, 53876114, 0, 49809253, 0, 0, 294476558, 59825, 5891, 0, 0, 0, 0, 0, 0, 
1717478930285237000, 54523588, 0, 50416735, 0, 0, 298044553, 60546, 5955, 0, 0, 0, 0, 0, 0, 
1717478930347252000, 55168716, 0, 51022043, 0, 0, 301599665, 61263, 6019, 0, 0, 0, 0, 0, 0, 
1717478930409753000, 55814856, 0, 51599128, 0, 0, 305065053, 61978, 6083, 0, 0, 0, 0, 0, 0, 
1717478930471845000, 56460195, 0, 52204620, 0, 0, 308621279, 62694, 6147, 0, 0, 0, 0, 0, 0, 
1717478930531792000, 57093667, 0, 52799597, 0, 0, 312114166, 63398, 6211, 0, 0, 0, 0, 0, 0, 
1717478930595824000, 57751383, 0, 53387021, 0, 0, 315641618, 64126, 6275, 0, 0, 0, 0, 0, 0, 
1717478930656282000, 58390129, 0, 53986631, 0, 0, 319162530, 64838, 6339, 0, 0, 0, 0, 0, 0, 
1717478930717842000, 59023648, 0, 54581563, 0, 0, 322655396, 65541, 6403, 0, 0, 0, 0, 0, 0, 
1717478930781849000, 59690392, 0, 55177054, 0, 0, 326231260, 66278, 6467, 0, 0, 0, 0, 0, 0, 
1717478930845405000, 60352998, 0, 55798046, 0, 0, 329880395, 67015, 6531, 0, 0, 0, 0, 0, 0, 
1717478930908254000, 61014340, 0, 56550984, 0, 0, 334141594, 70939, 6595, 0, 0, 0, 0, 0, 0, 
1717478930970902000, 61663439, 0, 57153760, 0, 0, 337697232, 71668, 6659, 0, 0, 0, 0, 0, 0, 
1717478931032973000, 62306403, 0, 57728009, 0, 0, 341145570, 72380, 6723, 0, 0, 0, 0, 0, 0, 
1717478931096973000, 62974322, 0, 58347582, 0, 0, 344802108, 73124, 6787, 0, 0, 0, 0, 0, 0, 
1717478931160515000, 63634733, 0, 58960441, 0, 0, 348418344, 73859, 6851, 0, 0, 0, 0, 0, 0, 
1717478931221516000, 64276493, 0, 59536345, 0, 0, 351876654, 74572, 6915, 0, 0, 0, 0, 0, 0, 
1717478931284872000, 64934059, 0, 60143934, 0, 0, 355461244, 75299, 6979, 0, 0, 0, 0, 0, 0, 
1717478931347354000, 65581775, 0, 60745460, 0, 0, 359009403, 76018, 7043, 0, 0, 0, 0, 0, 0, 
1717478931408816000, 66220417, 0, 61315848, 0, 0, 362434555, 76724, 7107, 0, 0, 0, 0, 0, 0, 
1717478931470095000, 66862694, 0, 61912511, 0, 0, 365953569, 77439, 7171, 0, 0, 0, 0, 0, 0, 
1717478931532464000, 67508466, 0, 62512297, 0, 0, 369491297, 78157, 7235, 0, 0, 0, 0, 0, 0, 
1717478931596025000, 68170453, 0, 63126569, 0, 0, 373115996, 78892, 7299, 0, 0, 0, 0, 0, 0, 
1717478931660019000, 68837846, 0, 63722636, 0, 0, 376695356, 79630, 7363, 0, 0, 0, 0, 0, 0, 
1717478931724602000, 69508277, 0, 64344442, 0, 0, 380365352, 80375, 7427, 0, 0, 0, 0, 0, 0, 
1717478931786978000, 70158001, 0, 64947760, 0, 0, 383924271, 81096, 7491, 0, 0, 0, 0, 0, 0, 
1717478931849853000, 70812166, 0, 65532011, 0, 0, 387432697, 81820, 7555, 0, 0, 0, 0, 0, 0, 
1717478931912249000, 71462518, 0, 66135892, 0, 0, 390994992, 82542, 7619, 0, 0, 0, 0, 0, 0, 
1717478931973192000, 72097129, 0, 66725704, 0, 0, 394472868, 83246, 7683, 0, 0, 0, 0, 0, 0, 
1717478932036108000, 72754271, 0, 67335646, 0, 0, 398071591, 83976, 7747, 0, 0, 0, 0, 0, 0, 
1717478932097855000, 73395928, 0, 67908730, 0, 0, 401512913, 84685, 7811, 0, 0, 0, 0, 0, 0, 
1717478932160081000, 74044592, 0, 68511097, 0, 0, 405066171, 85406, 7875, 0, 0, 0, 0, 0, 0, 
1717478932221656000, 74691959, 0, 69112307, 0, 0, 408612461, 86125, 7939, 0, 0, 0, 0, 0, 0, 
1717478932283791000, 75335849, 0, 69687382, 0, 0, 412065765, 86837, 8003, 0, 0, 0, 0, 0, 0, 
1717478932346344000, 75988204, 0, 70293047, 0, 0, 415638787, 87560, 8067, 0, 0, 0, 0, 0, 0, 
1717478932410668000, 76654485, 0, 70911152, 0, 0, 419286522, 88300, 8131, 0, 0, 0, 0, 0, 0, 
1717478932471931000, 77300976, 0, 71488551, 0, 0, 422753782, 89015, 8195, 0, 0, 0, 0, 0, 0, 
1717478932535459000, 77954115, 0, 72094914, 0, 0, 426331042, 89740, 8259, 0, 0, 0, 0, 0, 0, 
1717478932597915000, 78604046, 0, 72698416, 0, 0, 429891064, 90463, 8323, 0, 0, 0, 0, 0, 0, 
1717478932658255000, 79234265, 0, 73284308, 0, 0, 433345376, 91162, 8387, 0, 0, 0, 0, 0, 0, 
1717478932719533000, 79872869, 0, 73854662, 0, 0, 436770358, 91868, 8451, 0, 0, 0, 0, 0, 0, 
1717478932785536000, 80559074, 0, 74490561, 0, 0, 440524951, 92630, 8515, 0, 0, 0, 0, 0, 0, 
1717478932845727000, 81185201, 0, 75072802, 0, 0, 443957309, 93325, 8579, 0, 0, 0, 0, 0, 0, 
1717478932907091000, 81833148, 0, 75651499, 0, 0, 447432383, 94042, 8643, 0, 0, 0, 0, 0, 0, 
1717478932970449000, 82490318, 0, 76261467, 0, 0, 451031255, 94773, 8707, 0, 0, 0, 0, 0, 0, 
1717478933032932000, 83138193, 0, 76863132, 0, 0, 454580251, 95492, 8771, 0, 0, 0, 0, 0, 0, 
1717478933096493000, 83804343, 0, 77458091, 0, 0, 458152959, 96229, 8835, 0, 0, 0, 0, 0, 0, 
1717478933162327000, 84482973, 0, 78087221, 0, 0, 461866902, 96983, 8899, 0, 0, 0, 0, 0, 0, 
1717478933222763000, 85117740, 0, 78677178, 0, 0, 465345618, 97688, 8963, 0, 0, 0, 0, 0, 0, 
1717478933286844000, 85783391, 0, 79294719, 0, 0, 468989993, 98427, 9027, 0, 0, 0, 0, 0, 0, 
1717478933350395000, 86444684, 0, 79885341, 0, 0, 472536631, 99158, 9091, 0, 0, 0, 0, 0, 0, 
1717478933414656000, 87119504, 0, 80511070, 0, 0, 476230146, 99908, 9155, 0, 0, 0, 0, 0, 0, 
1717478933476899000, 87763241, 0, 81109039, 0, 0, 479756970, 100624, 9219, 0, 0, 0, 0, 0, 0, 
1717478933538143000, 88403045, 0, 81680467, 0, 0, 483188376, 101331, 9283, 0, 0, 0, 0, 0, 0, 
1717478933601125000, 89053287, 0, 82284243, 0, 0, 486750076, 102053, 9347, 0, 0, 0, 0, 0, 0, 
1717478933664121000, 89713597, 0, 82897013, 0, 0, 490365772, 102788, 9411, 0, 0, 0, 0, 0, 0, 
1717478933727212000, 90369271, 0, 83505642, 0, 0, 493956646, 103516, 9475, 0, 0, 0, 0, 0, 0, 
1717478933789197000, 91016652, 0, 84083836, 0, 0, 497428668, 104232, 9539, 0, 0, 0, 0, 0, 0, 
1717478933851622000, 91668934, 0, 84689439, 0, 0, 501001314, 104957, 9603, 0, 0, 0, 0, 0, 0, 
1717478933914327000, 92319137, 0, 85293183, 0, 0, 504562811, 105679, 9667, 0, 0, 0, 0, 0, 0, 
1717478933976037000, 92962469, 0, 85867759, 0, 0, 508013139, 106391, 9731, 0, 0, 0, 0, 0, 0, 
1717478934040145000, 93629291, 0, 86486345, 0, 0, 511663751, 107130, 9795, 0, 0, 0, 0, 0, 0, 
1717478934102011000, 94274856, 0, 87085947, 0, 0, 515200388, 107847, 9859, 0, 0, 0, 0, 0, 0, 
1717478934163755000, 94919607, 0, 87661792, 0, 0, 518658304, 108560, 9923, 0, 0, 0, 0, 0, 0, 
1717478934226885000, 95570560, 0, 88266203, 0, 0, 522223822, 109282, 9987, 0, 0, 0, 0, 0, 0, 
1717478934288658000, 96214107, 0, 88864003, 0, 0, 525749638, 109998, 10051, 0, 0, 0, 0, 0, 0, 
1717478934349263000, 96849431, 0, 89454456, 0, 0, 529231348, 110705, 10115, 0, 0, 0, 0, 0, 0, 
1717478934412718000, 97507146, 0, 90041882, 0, 0, 532758788, 111432, 10179, 0, 0, 0, 0, 0, 0, 
1717478934474898000, 98160242, 0, 90648207, 0, 0, 536335798, 112158, 10243, 0, 0, 0, 0, 0, 0, 
1717478934536912000, 98800606, 0, 91243161, 0, 0, 539844550, 112869, 10307, 0, 0, 0, 0, 0, 0, 
1717478934599328000, 99454659, 0, 91827317, 0, 0, 543352354, 113592, 10371, 0, 0, 0, 0, 0, 0, 
1717478934662077000, 100105426, 0, 92431560, 0, 0, 546916878, 114315, 10435, 0, 0, 0, 0, 0, 0, 
1717478934725885000, 100768330, 0, 93046651, 0, 0, 550546494, 115052, 10499, 0, 0, 0, 0, 0, 0, 
1717478934787182000, 101406576, 0, 93616683, 0, 0, 553969534, 115758, 10563, 0, 0, 0, 0, 0, 0, 
1717478934849839000, 102060628, 0, 94223866, 0, 0, 557551666, 116484, 10627, 0, 0, 0, 0, 0, 0, 
1717478934912934000, 102719541, 0, 94835388, 0, 0, 561159888, 117216, 10691, 0, 0, 0, 0, 0, 0, 
1717478934973720000, 103355597, 0, 95426495, 0, 0, 564645505, 117923, 10755, 0, 0, 0, 0, 0, 0, 
1717478935036086000, 104002202, 0, 96003996, 0, 0, 568113399, 118638, 10819, 0, 0, 0, 0, 0, 0, 
1717478935100088000, 104673940, 0, 96626973, 0, 0, 571790367, 119385, 10883, 0, 0, 0, 0, 0, 0, 
1717478935163594000, 105327566, 0, 97233773, 0, 0, 575370227, 120111, 10947, 0, 0, 0, 0, 0, 0, 
1717478935225992000, 105984790, 0, 97820759, 0, 0, 578895051, 120837, 11011, 0, 0, 0, 0, 0, 0, 
1717478935289016000, 106636263, 0, 98425636, 0, 0, 582463378, 121561, 11075, 0, 0, 0, 0, 0, 0, 
1717478935350694000, 107277020, 0, 99020945, 0, 0, 585974209, 122273, 11139, 0, 0, 0, 0, 0, 0, 
1717478935412047000, 107921297, 0, 99619398, 0, 0, 589503936, 122988, 11203, 0, 0, 0, 0, 0, 0, 
1717478935474777000, 108571013, 0, 100199675, 0, 0, 592988504, 123707, 11267, 0, 0, 0, 0, 0, 0, 
1717478935535635000, 109206079, 0, 100789902, 0, 0, 596468810, 124412, 11331, 0, 0, 0, 0, 0, 0, 
1717478935597721000, 109855999, 0, 101393387, 0, 0, 600028798, 125133, 11395, 0, 0, 0, 0, 0, 0, 
1717478935661313000, 110519091, 0, 101985616, 0, 0, 603585074, 125866, 11459, 0, 0, 0, 0, 0, 0, 
1717478935723274000, 111162664, 0, 102583437, 0, 0, 607111022, 126581, 11523, 0, 0, 0, 0, 0, 0, 
1717478935785729000, 111807036, 0, 103181968, 0, 0, 610641252, 127297, 11587, 0, 0, 0, 0, 0, 0, 
1717478935848910000, 112471447, 0, 103775373, 0, 0, 614204594, 128032, 11651, 0, 0, 0, 0, 0, 0, 
1717478935911036000, 113113503, 0, 104371839, 0, 0, 617722420, 128745, 11715, 0, 0, 0, 0, 0, 0, 
1717478935973719000, 113771418, 0, 104982470, 0, 0, 621325264, 129475, 11779, 0, 0, 0, 0, 0, 0, 
1717478936034912000, 114405056, 0, 105571421, 0, 0, 624797931, 130179, 11843, 0, 0, 0, 0, 0, 0, 
1717478936097637000, 115059259, 0, 106155706, 0, 0, 628306567, 130903, 11907, 0, 0, 0, 0, 0, 0, 
1717478936158913000, 115697405, 0, 106748683, 0, 0, 631803382, 131611, 11971, 0, 0, 0, 0, 0, 0, 
1717478936220665000, 116337540, 0, 107343435, 0, 0, 635310889, 132322, 12035, 0, 0, 0, 0, 0, 0, 
1717478936282837000, 116984810, 0, 107921530, 0, 0, 638782329, 133038, 12099, 0, 0, 0, 0, 0, 0, 
1717478936346458000, 117650262, 0, 108538892, 0, 0, 642425611, 133777, 12163, 0, 0, 0, 0, 0, 0, 
1717478936410473000, 118318067, 0, 109158354, 0, 0, 646081529, 134519, 12227, 0, 0, 0, 0, 0, 0, 
1717478936472032000, 118955849, 0, 109727977, 0, 0, 649502063, 135224, 12291, 0, 0, 0, 0, 0, 0, 
1717478936532775000, 119592054, 0, 110319215, 0, 0, 652988497, 135930, 12355, 0, 0, 0, 0, 0, 0, 
1717478936597247000, 120265916, 0, 110944092, 0, 0, 656676884, 136678, 12419, 0, 0, 0, 0, 0, 0, 
1717478936660231000, 120918343, 0, 111549818, 0, 0, 660250318, 137402, 12483, 0, 0, 0, 0, 0, 0, 
1717478936722235000, 121561919, 0, 112124615, 0, 0, 663701920, 138114, 12547, 0, 0, 0, 0, 0, 0, 
1717478936783630000, 122202185, 0, 112719483, 0, 0, 667210151, 138825, 12611, 0, 0, 0, 0, 0, 0, 
1717478936844050000, 122836120, 0, 113308696, 0, 0, 670684405, 139529, 12675, 0, 0, 0, 0, 0, 0, 
1717478936907296000, 123490694, 0, 113893315, 0, 0, 674195015, 140253, 12739, 0, 0, 0, 0, 0, 0, 
1717478936970875000, 124154131, 0, 114508876, 0, 0, 677827461, 140989, 12803, 0, 0, 0, 0, 0, 0, 
1717478937033102000, 124803809, 0, 115112154, 0, 0, 681386162, 141710, 12867, 0, 0, 0, 0, 0, 0, 
1717478937096283000, 125457863, 0, 115696306, 0, 0, 684893972, 142433, 12931, 0, 0, 0, 0, 0, 0, 
1717478937159894000, 126122213, 0, 116312683, 0, 0, 688531346, 143170, 12995, 0, 0, 0, 0, 0, 0, 
1717478937221691000, 126768650, 0, 116913064, 0, 0, 692072655, 143888, 13059, 0, 0, 0, 0, 0, 0, 
1717478937284232000, 127415001, 0, 117513369, 0, 0, 695613508, 144606, 13123, 0, 0, 0, 0, 0, 0, 
1717478937346033000, 128058813, 0, 118088376, 0, 0, 699066398, 145318, 13187, 0, 0, 0, 0, 0, 0, 
1717478937408536000, 128710257, 0, 118693225, 0, 0, 702634538, 146042, 13251, 0, 0, 0, 0, 0, 0, 
1717478937470499000, 129357580, 0, 119294397, 0, 0, 706180597, 146761, 13315, 0, 0, 0, 0, 0, 0, 
1717478937532488000, 130004308, 0, 119872008, 0, 0, 709649145, 147476, 13379, 0, 0, 0, 0, 0, 0, 
1717478937594762000, 130655331, 0, 120476484, 0, 0, 713215043, 148200, 13443, 0, 0, 0, 0, 0, 0, 
1717478937657919000, 131315348, 0, 121088990, 0, 0, 716829177, 148932, 13507, 0, 0, 0, 0, 0, 0, 
1717478937720060000, 131955927, 0, 121661111, 0, 0, 720264711, 149640, 13571, 0, 0, 0, 0, 0, 0, 
1717478937780001000, 132584320, 0, 122245376, 0, 0, 723709244, 150338, 13635, 0, 0, 0, 0, 0, 0, 
1717478937843993000, 133252663, 0, 122865318, 0, 0, 727368024, 151079, 13699, 0, 0, 0, 0, 0, 0, 
1717478937906917000, 133902624, 0, 123468847, 0, 0, 730928230, 151802, 13763, 0, 0, 0, 0, 0, 0, 
1717478937967505000, 134540062, 0, 124038161, 0, 0, 734346940, 152507, 13827, 0, 0, 0, 0, 0, 0, 
1717478938031717000, 135202874, 0, 124653166, 0, 0, 737976065, 153243, 13891, 0, 0, 0, 0, 0, 0, 
1717478938092792000, 135836958, 0, 125242510, 0, 0, 741451099, 153947, 13955, 0, 0, 0, 0, 0, 0, 
1717478938156594000, 136503653, 0, 125837953, 0, 0, 745026733, 154684, 14019, 0, 0, 0, 0, 0, 0, 
1717478938219313000, 137157659, 0, 126445096, 0, 0, 748608627, 155411, 14083, 0, 0, 0, 0, 0, 0, 
1717478938280981000, 137806893, 0, 127047971, 0, 0, 752164921, 156131, 14147, 0, 0, 0, 0, 0, 0, 
1717478938343840000, 138458234, 0, 127652730, 0, 0, 755732546, 156855, 14211, 0, 0, 0, 0, 0, 0, 
1717478938406969000, 139116343, 0, 128240506, 0, 0, 759262086, 157583, 14275, 0, 0, 0, 0, 0, 0, 
1717478938468376000, 139757910, 0, 128836539, 0, 0, 762777284, 158295, 14339, 0, 0, 0, 0, 0, 0, 
1717478938531464000, 140406818, 0, 129439123, 0, 0, 766331852, 159017, 14403, 0, 0, 0, 0, 0, 0, 
1717478938593675000, 141057976, 0, 130020694, 0, 0, 769824128, 159737, 14467, 0, 0, 0, 0, 0, 0, 
1717478938658356000, 141727983, 0, 130642126, 0, 0, 773491847, 160481, 14531, 0, 0, 0, 0, 0, 0, 
1717478938720788000, 142378981, 0, 131246577, 0, 0, 777057611, 161203, 14595, 0, 0, 0, 0, 0, 0, 
1717478938783006000, 143032547, 0, 131830292, 0, 0, 780562811, 161926, 14659, 0, 0, 0, 0, 0, 0, 
1717478938845990000, 143683015, 0, 132434275, 0, 0, 784125724, 162648, 14723, 0, 0, 0, 0, 0, 0, 
1717478938908478000, 144336134, 0, 133040620, 0, 0, 787702854, 163373, 14787, 0, 0, 0, 0, 0, 0, 
1717478938968988000, 144964655, 0, 133624998, 0, 0, 791148092, 164072, 14851, 0, 0, 0, 0, 0, 0, 
1717478939032267000, 145622625, 0, 134212651, 0, 0, 794676894, 164800, 14915, 0, 0, 0, 0, 0, 0, 
1717478939094863000, 146280112, 0, 134822897, 0, 0, 798277480, 165530, 14979, 0, 0, 0, 0, 0, 0, 
1717478939158082000, 146935812, 0, 135431550, 0, 0, 801868460, 166259, 15043, 0, 0, 0, 0, 0, 0, 
1717478939218891000, 147572133, 0, 135999868, 0, 0, 805281150, 166963, 15107, 0, 0, 0, 0, 0, 0, 
1717478939280872000, 148213865, 0, 136596047, 0, 0, 808797227, 167675, 15171, 0, 0, 0, 0, 0, 0, 
1717478939342742000, 148861421, 0, 137197423, 0, 0, 812344525, 168394, 15235, 0, 0, 0, 0, 0, 0, 
1717478939405720000, 149511775, 0, 137778272, 0, 0, 815832523, 169113, 15299, 0, 0, 0, 0, 0, 0, 
1717478939467109000, 150157610, 0, 138378118, 0, 0, 819370588, 169830, 15363, 0, 0, 0, 0, 0, 0, 
1717478939528807000, 150799582, 0, 138974509, 0, 0, 822887946, 170543, 15427, 0, 0, 0, 0, 0, 0, 
1717478939590085000, 151441905, 0, 139571214, 0, 0, 826407173, 171257, 15491, 0, 0, 0, 0, 0, 0, 
1717478939652596000, 152092359, 0, 140152151, 0, 0, 829895705, 171976, 15555, 0, 0, 0, 0, 0, 0, 
1717478939714155000, 152732696, 0, 140747087, 0, 0, 833404291, 172688, 15619, 0, 0, 0, 0, 0, 0, 
1717478939776937000, 153378453, 0, 141346857, 0, 0, 836941933, 173404, 15683, 0, 0, 0, 0, 0, 0, 
1717478939839540000, 154034290, 0, 141932602, 0, 0, 840459331, 174130, 15747, 0, 0, 0, 0, 0, 0, 
1717478939901445000, 154677828, 0, 142530394, 0, 0, 843985072, 174844, 15811, 0, 0, 0, 0, 0, 0, 
1717478939963615000, 155325363, 0, 143131754, 0, 0, 847532256, 175564, 15875, 0, 0, 0, 0, 0, 0, 
1717478940025073000, 155965752, 0, 143703702, 0, 0, 850966810, 176272, 15939, 0, 0, 0, 0, 0, 0, 
1717478940087212000, 156613339, 0, 144305112, 0, 0, 854514276, 176991, 16003, 0, 0, 0, 0, 0, 0, 
1717478940148950000, 157262436, 0, 144907869, 0, 0, 858069853, 177712, 16067, 0, 0, 0, 0, 0, 0, 
1717478940212007000, 157916057, 0, 145514662, 0, 0, 861649684, 178438, 16131, 0, 0, 0, 0, 0, 0, 
1717478940273699000, 158552890, 0, 146083438, 0, 0, 865065138, 179142, 16195, 0, 0, 0, 0, 0, 0, 
1717478940333182000, 159181633, 0, 146668014, 0, 0, 868511537, 179841, 16259, 0, 0, 0, 0, 0, 0, 
1717478940398251000, 159851984, 0, 147289754, 0, 0, 872181113, 180585, 16323, 0, 0, 0, 0, 0, 0, 
1717478940460277000, 160497956, 0, 147866688, 0, 0, 875645567, 181299, 16387, 0, 0, 0, 0, 0, 0, 
1717478940521875000, 161140805, 0, 148463864, 0, 0, 879167635, 182014, 16451, 0, 0, 0, 0, 0, 0, 
1717478940584444000, 161793824, 0, 149070122, 0, 0, 882744262, 182740, 16515, 0, 0, 0, 0, 0, 0, 
1717478940646737000, 162447995, 0, 149654383, 0, 0, 886252696, 183463, 16579, 0, 0, 0, 0, 0, 0, 
1717478940710599000, 163103239, 0, 150262624, 0, 0, 889841232, 184190, 16643, 0, 0, 0, 0, 0, 0, 
1717478940773839000, 163761995, 0, 150874009, 0, 0, 893448593, 184921, 16707, 0, 0, 0, 0, 0, 0, 
1717478940835793000, 164408963, 0, 151474862, 0, 0, 896992747, 185639, 16771, 0, 0, 0, 0, 0, 0, 
1717478940897362000, 165055647, 0, 152052433, 0, 0, 900461039, 186354, 16835, 0, 0, 0, 0, 0, 0, 
1717478940959428000, 165699468, 0, 152650477, 0, 0, 903988314, 187069, 16899, 0, 0, 0, 0, 0, 0, 
1717478941020145000, 166336323, 0, 153242297, 0, 0, 907478244, 187777, 16963, 0, 0, 0, 0, 0, 0, 
1717478941082717000, 166988718, 0, 153824972, 0, 0, 910977154, 188498, 17027, 0, 0, 0, 0, 0, 0, 
1717478941145886000, 167638080, 0, 154427962, 0, 0, 914534134, 189219, 17091, 0, 0, 0, 0, 0, 0, 
1717478941208793000, 168294570, 0, 155037319, 0, 0, 918129342, 189948, 17155, 0, 0, 0, 0, 0, 0, 
1717478941270759000, 168940787, 0, 155614474, 0, 0, 921595138, 190663, 17219, 0, 0, 0, 0, 0, 0, 
1717478941331881000, 169584132, 0, 156212092, 0, 0, 925119875, 191378, 17283, 0, 0, 0, 0, 0, 0, 
1717478941395468000, 170240602, 0, 156821430, 0, 0, 928714985, 192106, 17347, 0, 0, 0, 0, 0, 0, 
1717478941458940000, 170898380, 0, 157431941, 0, 0, 932317098, 192836, 17411, 0, 0, 0, 0, 0, 0, 
1717478941519760000, 171540256, 0, 158005219, 0, 0, 935759606, 193546, 17475, 0, 0, 0, 0, 0, 0, 
1717478941582136000, 172184015, 0, 158603209, 0, 0, 939286551, 194261, 17539, 0, 0, 0, 0, 0, 0, 
1717478941644778000, 172837109, 0, 159209530, 0, 0, 942863543, 194985, 17603, 0, 0, 0, 0, 0, 0, 
1717478941706523000, 173480183, 0, 159783877, 0, 0, 946312491, 195697, 17667, 0, 0, 0, 0, 0, 0, 
1717478941770188000, 174148199, 0, 160403529, 0, 0, 949969505, 196439, 17731, 0, 0, 0, 0, 0, 0, 
1717478941831821000, 174789522, 0, 160999341, 0, 0, 953483404, 197151, 17795, 0, 0, 0, 0, 0, 0, 
1717478941893295000, 175428750, 0, 161570254, 0, 0, 956911704, 197858, 17859, 0, 0, 0, 0, 0, 0, 
1717478941956836000, 176086076, 0, 162180360, 0, 0, 960511411, 198588, 17923, 0, 0, 0, 0, 0, 0, 
1717478942021229000, 176754338, 0, 162800233, 0, 0, 964169768, 199330, 17987, 0, 0, 0, 0, 0, 0, 
1717478942084300000, 177412635, 0, 163411205, 0, 0, 967774680, 200062, 18051, 0, 0, 0, 0, 0, 0, 
1717478942144875000, 178045353, 0, 163976304, 0, 0, 971168074, 200762, 18115, 0, 0, 0, 0, 0, 0, 
1717478942206618000, 178689780, 0, 164574890, 0, 0, 974698580, 201477, 18179, 0, 0, 0, 0, 0, 0, 
1717478942267357000, 179320300, 0, 165161051, 0, 0, 978154524, 202178, 18243, 0, 0, 0, 0, 0, 0, 
1717478942328935000, 179959292, 0, 165731755, 0, 0, 981581548, 202885, 18307, 0, 0, 0, 0, 0, 0, 
1717478942390864000, 180606205, 0, 166332561, 0, 0, 985125416, 203604, 18371, 0, 0, 0, 0, 0, 0, 
1717478942454679000, 181271446, 0, 166949732, 0, 0, 988767576, 204343, 18435, 0, 0, 0, 0, 0, 0, 
1717478942515723000, 181911219, 0, 167521134, 0, 0, 992198786, 205050, 18499, 0, 0, 0, 0, 0, 0, 
1717478942577383000, 182554835, 0, 168118994, 0, 0, 995724966, 205765, 18563, 0, 0, 0, 0, 0, 0, 
1717478942642861000, 183232341, 0, 168747122, 0, 0, 999432890, 206518, 18627, 0, 0, 0, 0, 0, 0, 
1717478942704105000, 183874168, 0, 169343383, 0, 0, 1002949468, 207229, 18691, 0, 0, 0, 0, 0, 0, 
1717478942766456000, 184517898, 0, 169918316, 0, 0, 1006401920, 207941, 18755, 0, 0, 0, 0, 0, 0, 
1717478942827566000, 185162454, 0, 170517017, 0, 0, 1009933141, 208657, 18819, 0, 0, 0, 0, 0, 0, 
1717478942891230000, 185821452, 0, 171128615, 0, 0, 1013541807, 209389, 18883, 0, 0, 0, 0, 0, 0, 
1717478942953045000, 186464094, 0, 171702574, 0, 0, 1016988429, 210100, 18947, 0, 0, 0, 0, 0, 0, 
1717478943015330000, 187108549, 0, 172301185, 0, 0, 1020519088, 210816, 19011, 0, 0, 0, 0, 0, 0, 
1717478943077918000, 187764860, 0, 172910382, 0, 0, 1024113346, 211543, 19075, 0, 0, 0, 0, 0, 0, 
1717478943139948000, 188409246, 0, 173485902, 0, 0, 1027569318, 212256, 19139, 0, 0, 0, 0, 0, 0, 
1717478943202146000, 189061354, 0, 174091347, 0, 0, 1031141035, 212980, 19203, 0, 0, 0, 0, 0, 0, 
1717478943267319000, 189734323, 0, 174715423, 0, 0, 1034824630, 213728, 19267, 0, 0, 0, 0, 0, 0, 
1717478943328021000, 190368455, 0, 175304813, 0, 0, 1038299959, 214432, 19331, 0, 0, 0, 0, 0, 0, 
1717478943389116000, 191010855, 0, 175878560, 0, 0, 1041745263, 215142, 19395, 0, 0, 0, 0, 0, 0, 
1717478943451884000, 191655683, 0, 176477504, 0, 0, 1045277935, 215860, 19459, 0, 0, 0, 0, 0, 0, 
1717478943513849000, 192305900, 0, 177081260, 0, 0, 1048839538, 216582, 19523, 0, 0, 0, 0, 0, 0, 
1717478943576314000, 192956418, 0, 177662258, 0, 0, 1052328378, 217301, 19587, 0, 0, 0, 0, 0, 0, 
1717478943640043000, 193616284, 0, 178274630, 0, 0, 1055941708, 218033, 19651, 0, 0, 0, 0, 0, 0, 
1717478943702068000, 194269453, 0, 178881021, 0, 0, 1059519104, 218759, 19715, 0, 0, 0, 0, 0, 0, 
1717478943763078000, 194900940, 0, 179445018, 0, 0, 1062905906, 219458, 19779, 0, 0, 0, 0, 0, 0, 
1717478943825887000, 195558197, 0, 180055062, 0, 0, 1066505244, 220188, 19843, 0, 0, 0, 0, 0, 0, 
1717478943888710000, 196206207, 0, 180656846, 0, 0, 1070054954, 220906, 19907, 0, 0, 0, 0, 0, 0, 
1717478943952781000, 196873007, 0, 181275411, 0, 0, 1073705489, 221647, 19971, 0, 0, 0, 0, 0, 0, 
1717478944013588000, 197509286, 0, 181843692, 0, 0, 1077117985, 222351, 20035, 0, 0, 0, 0, 0, 0, 
1717478944075144000, 198152627, 0, 182441308, 0, 0, 1080642667, 223065, 20099, 0, 0, 0, 0, 0, 0, 
1717478944138484000, 198807198, 0, 183048952, 0, 0, 1084227593, 223792, 20163, 0, 0, 0, 0, 0, 0, 
1717478944202089000, 199470745, 0, 183641585, 0, 0, 1087786333, 224526, 20227, 0, 0, 0, 0, 0, 0, 
1717478944263891000, 200122899, 0, 184247070, 0, 0, 1091358289, 225251, 20291, 0, 0, 0, 0, 0, 0, 
1717478944325293000, 200758627, 0, 184837886, 0, 0, 1094842160, 225957, 20355, 0, 0, 0, 0, 0, 0, 
1717478944388867000, 201414758, 0, 185446927, 0, 0, 1098435467, 226686, 20419, 0, 0, 0, 0, 0, 0, 
1717478944451470000, 202067718, 0, 186030103, 0, 0, 1101937411, 227408, 20483, 0, 0, 0, 0, 0, 0, 
1717478944513865000, 202723806, 0, 186639099, 0, 0, 1105530487, 228137, 20547, 0, 0, 0, 0, 0, 0, 
1717478944576188000, 203368055, 0, 187237526, 0, 0, 1109060039, 228852, 20611, 0, 0, 0, 0, 0, 0, 
1717478944637558000, 204012572, 0, 187813164, 0, 0, 1112516713, 229565, 20675, 0, 0, 0, 0, 0, 0, 
1717478944700284000, 204661575, 0, 188415834, 0, 0, 1116071783, 230285, 20739, 0, 0, 0, 0, 0, 0, 
1717478944760972000, 205295451, 0, 189004996, 0, 0, 1119545722, 230989, 20803, 0, 0, 0, 0, 0, 0, 
1717478944824821000, 205955695, 0, 189594678, 0, 0, 1123086734, 231719, 20867, 0, 0, 0, 0, 0, 0, 
1717478944886812000, 206603645, 0, 190196404, 0, 0, 1126636154, 232438, 20931, 0, 0, 0, 0, 0, 0, 
1717478944948332000, 207247802, 0, 190794750, 0, 0, 1130165217, 233153, 20995, 0, 0, 0, 0, 0, 0, 
1717478945010760000, 207892619, 0, 191370655, 0, 0, 1133623493, 233867, 21059, 0, 0, 0, 0, 0, 0, 
1717478945073183000, 208549264, 0, 191980149, 0, 0, 1137219561, 234595, 21123, 0, 0, 0, 0, 0, 0, 
1717478945135749000, 209201333, 0, 192585558, 0, 0, 1140791068, 235319, 21187, 0, 0, 0, 0, 0, 0, 
1717478945199158000, 209854501, 0, 193191953, 0, 0, 1144368459, 236044, 21251, 0, 0, 0, 0, 0, 0, 
1717478945262392000, 210513354, 0, 193780394, 0, 0, 1147902027, 236773, 21315, 0, 0, 0, 0, 0, 0, 
1717478945323129000, 211153681, 0, 194375317, 0, 0, 1151410553, 237485, 21379, 0, 0, 0, 0, 0, 0, 
1717478945386127000, 211804218, 0, 194979356, 0, 0, 1154973863, 238208, 21443, 0, 0, 0, 0, 0, 0, 
1717478945450149000, 212475892, 0, 195579249, 0, 0, 1158576159, 238951, 21507, 0, 0, 0, 0, 0, 0, 
1717478945511695000, 213119119, 0, 196176758, 0, 0, 1162100259, 239665, 21571, 0, 0, 0, 0, 0, 0, 
1717478945575861000, 213778431, 0, 196788641, 0, 0, 1165710612, 240397, 21635, 0, 0, 0, 0, 0, 0, 
1717478945639352000, 214442783, 0, 197405017, 0, 0, 1169347994, 241135, 21699, 0, 0, 0, 0, 0, 0, 
1717478945700076000, 215077787, 0, 197972160, 0, 0, 1172753642, 241837, 21763, 0, 0, 0, 0, 0, 0, 
1717478945762582000, 215731117, 0, 198578694, 0, 0, 1176331925, 242563, 21827, 0, 0, 0, 0, 0, 0, 
1717478945825501000, 216380684, 0, 199181870, 0, 0, 1179889995, 243283, 21891, 0, 0, 0, 0, 0, 0, 
1717478945887316000, 217030727, 0, 199762442, 0, 0, 1183376303, 244002, 21955, 0, 0, 0, 0, 0, 0, 
1717478945951782000, 217694121, 0, 200377964, 0, 0, 1187008564, 244739, 22019, 0, 0, 0, 0, 0, 0, 
1717478946014070000, 218343240, 0, 200980741, 0, 0, 1190564255, 245460, 22083, 0, 0, 0, 0, 0, 0, 
1717478946077376000, 219003195, 0, 201570166, 0, 0, 1194103731, 246190, 22147, 0, 0, 0, 0, 0, 0, 
1717478946140416000, 219659620, 0, 202179466, 0, 0, 1197698595, 246919, 22211, 0, 0, 0, 0, 0, 0, 
1717478946201447000, 220303652, 0, 202777698, 0, 0, 1201226989, 247633, 22275, 0, 0, 0, 0, 0, 0, 
1717478946264364000, 220952633, 0, 203380348, 0, 0, 1204781942, 248354, 22339, 0, 0, 0, 0, 0, 0, 
1717478946325858000, 221594932, 0, 203954006, 0, 0, 1208226712, 249064, 22403, 0, 0, 0, 0, 0, 0, 
1717478946387316000, 222235961, 0, 204549554, 0, 0, 1211739008, 249775, 22467, 0, 0, 0, 0, 0, 0, 
1717478946449603000, 222879120, 0, 205147005, 0, 0, 1215262721, 250489, 22531, 0, 0, 0, 0, 0, 0, 
1717478946512444000, 223534006, 0, 205731901, 0, 0, 1218775021, 251214, 22595, 0, 0, 0, 0, 0, 0, 
1717478946574661000, 224189381, 0, 206340266, 0, 0, 1222364246, 251942, 22659, 0, 0, 0, 0, 0, 0, 
1717478946637960000, 224841595, 0, 206945804, 0, 0, 1225936546, 252666, 22723, 0, 0, 0, 0, 0, 0, 
1717478946700538000, 225494757, 0, 207552192, 0, 0, 1229513906, 253392, 22787, 0, 0, 0, 0, 0, 0, 
1717478946764145000, 226159356, 0, 208145765, 0, 0, 1233078278, 254127, 22851, 0, 0, 0, 0, 0, 0, 
1717478946826058000, 226801098, 0, 208741953, 0, 0, 1236594409, 254840, 22915, 0, 0, 0, 0, 0, 0, 
1717478946887886000, 227443977, 0, 209339155, 0, 0, 1240116631, 255554, 22979, 0, 0, 0, 0, 0, 0, 
1717478946949657000, 228087363, 0, 209913779, 0, 0, 1243567253, 256266, 23043, 0, 0, 0, 0, 0, 0, 
1717478947011337000, 228737635, 0, 210517583, 0, 0, 1247129113, 256988, 23107, 0, 0, 0, 0, 0, 0, 
1717478947072733000, 229376836, 0, 211111498, 0, 0, 1250631603, 257697, 23171, 0, 0, 0, 0, 0, 0, 
1717478947136839000, 230042121, 0, 211705684, 0, 0, 1254199663, 258433, 23235, 0, 0, 0, 0, 0, 0, 
1717478947196533000, 230665453, 0, 212285431, 0, 0, 1257617040, 259125, 23299, 0, 0, 0, 0, 0, 0, 
1717478947259215000, 231315963, 0, 212889445, 0, 0, 1261180178, 259847, 23363, 0, 0, 0, 0, 0, 0, 
1717478947322875000, 231975921, 0, 213501902, 0, 0, 1264794003, 260579, 23427, 0, 0, 0, 0, 0, 0, 
1717478947386427000, 232636974, 0, 214092306, 0, 0, 1268339351, 261311, 23491, 0, 0, 0, 0, 0, 0, 
1717478947448052000, 233279446, 0, 214689145, 0, 0, 1271859395, 262023, 23555, 0, 0, 0, 0, 0, 0, 
1717478947509877000, 233922792, 0, 215286763, 0, 0, 1275384138, 262738, 23619, 0, 0, 0, 0, 0, 0, 
1717478947571274000, 234570727, 0, 215865453, 0, 0, 1278859124, 263454, 23683, 0, 0, 0, 0, 0, 0, 
1717478947633742000, 235220088, 0, 216468444, 0, 0, 1282416102, 264175, 23747, 0, 0, 0, 0, 0, 0, 
1717478947697208000, 235879355, 0, 217080279, 0, 0, 1286026206, 264907, 23811, 0, 0, 0, 0, 0, 0, 
1717478947759478000, 236528577, 0, 217660118, 0, 0, 1289508112, 265625, 23875, 0, 0, 0, 0, 0, 0, 
1717478947822100000, 237177250, 0, 218262498, 0, 0, 1293061427, 266345, 23939, 0, 0, 0, 0, 0, 0, 
1717478947883614000, 237824112, 0, 218863255, 0, 0, 1296604995, 267064, 24003, 0, 0, 0, 0, 0, 0, 
1717478947945429000, 238465123, 0, 219458788, 0, 0, 1300117197, 267775, 24067, 0, 0, 0, 0, 0, 0, 
1717478948008067000, 239113553, 0, 220037919, 0, 0, 1303594845, 268493, 24131, 0, 0, 0, 0, 0, 0, 
1717478948070102000, 239757790, 0, 220636336, 0, 0, 1307124368, 269208, 24195, 0, 0, 0, 0, 0, 0, 
1717478948131936000, 240405254, 0, 221237632, 0, 0, 1310671176, 269927, 24259, 0, 0, 0, 0, 0, 0, 
1717478948194670000, 241056058, 0, 221818880, 0, 0, 1314161568, 270647, 24323, 0, 0, 0, 0, 0, 0, 
1717478948256887000, 241704718, 0, 222421248, 0, 0, 1317714783, 271367, 24387, 0, 0, 0, 0, 0, 0, 
1717478948319363000, 242353624, 0, 223023835, 0, 0, 1321269337, 272088, 24451, 0, 0, 0, 0, 0, 0, 
1717478948381975000, 243012624, 0, 223612402, 0, 0, 1324803685, 272817, 24515, 0, 0, 0, 0, 0, 0, 
1717478948444406000, 243659868, 0, 224213503, 0, 0, 1328349321, 273536, 24579, 0, 0, 0, 0, 0, 0, 
1717478948504967000, 244291733, 0, 224800867, 0, 0, 1331812445, 274237, 24643, 0, 0, 0, 0, 0, 0, 
1717478948567406000, 244941396, 0, 225404131, 0, 0, 1335371062, 274958, 24707, 0, 0, 0, 0, 0, 0, 
1717478948632502000, 245618769, 0, 226009111, 0, 0, 1339003944, 275707, 24771, 0, 0, 0, 0, 0, 0, 
1717478948693136000, 246256387, 0, 226601614, 0, 0, 1342497942, 276416, 24835, 0, 0, 0, 0, 0, 0, 
1717478948758132000, 246926324, 0, 227222983, 0, 0, 1346165289, 277159, 24899, 0, 0, 0, 0, 0, 0, 
1717478948819263000, 247562982, 0, 227791600, 0, 0, 1349579807, 277864, 24963, 0, 0, 0, 0, 0, 0, 
1717478953577042000, 19, 0, 0, 0, 0, 0, 0, 19, 0, 0, 0, 0, 0, 0, 
1717478953592458000, 83, 0, 0, 0, 0, 0, 0, 86, 0, 0, 0, 0, 0, 0, 
1717478953609024000, 127, 0, 0, 0, 0, 0, 0, 272, 0, 2, 0, 0, 13, 2, 
1717478953625265000, 171, 0, 0, 0, 0, 0, 0, 316, 0, 2, 0, 0, 13, 2, 
1717478953641685000, 215, 0, 0, 0, 0, 0, 0, 360, 0, 2, 0, 0, 13, 2, 
1717478953656868000, 259, 0, 0, 0, 0, 0, 0, 404, 0, 2, 0, 0, 13, 2, 
1717478953671854000, 303, 0, 0, 0, 0, 0, 0, 448, 0, 2, 0, 0, 13, 2, 
1717478953687847000, 347, 0, 0, 0, 0, 0, 0, 492, 0, 2, 0, 0, 13, 2, 
1717478953703848000, 391, 0, 0, 0, 0, 0, 0, 536, 0, 2, 0, 0, 13, 2, 
1717478953720404000, 435, 0, 0, 0, 0, 0, 0, 580, 0, 2, 0, 0, 13, 2, 
1717478953735416000, 479, 0, 0, 0, 0, 0, 0, 624, 0, 2, 0, 0, 13, 2, 
1717478953751981000, 523, 0, 0, 0, 0, 0, 0, 668, 0, 2, 0, 0, 13, 2, 
1717478953766992000, 567, 0, 0, 0, 0, 0, 0, 712, 0, 2, 0, 0, 13, 2, 
1717478953782991000, 611, 0, 0, 0, 0, 0, 0, 756, 0, 2, 0, 0, 13, 2, 
1717478953798989000, 655, 0, 0, 0, 0, 0, 0, 800, 0, 2, 0, 0, 13, 2, 
1717478953814989000, 699, 0, 0, 0, 0, 0, 0, 844, 0, 2, 0, 0, 13, 2, 
1717478953831570000, 743, 0, 0, 0, 0, 0, 0, 888, 0, 2, 0, 0, 13, 2, 
1717478953846586000, 787, 0, 0, 0, 0, 0, 0, 932, 0, 2, 0, 0, 13, 2, 
1717478953863589000, 831, 0, 0, 0, 0, 0, 0, 976, 0, 2, 0, 0, 13, 2, 
1717478953878586000, 875, 0, 0, 0, 0, 0, 0, 1020, 0, 2, 0, 0, 13, 2, 
1717478953894016000, 919, 0, 0, 0, 0, 0, 0, 1064, 0, 2, 0, 0, 13, 2, 
1717478953910094000, 963, 0, 0, 0, 0, 0, 0, 1108, 0, 2, 0, 0, 13, 2, 
1717478953926646000, 1007, 0, 0, 0, 0, 0, 0, 1152, 0, 2, 0, 0, 13, 2, 
1717478953958732000, 1071, 0, 0, 0, 0, 0, 0, 1216, 0, 2, 0, 0, 13, 2, 
1717478954021340000, 1135, 0, 0, 0, 0, 0, 0, 1280, 0, 2, 0, 0, 13, 2, 
1717478954082180000, 1199, 0, 0, 0, 0, 0, 0, 1344, 0, 2, 0, 0, 13, 2, 
1717478954145032000, 1263, 0, 0, 0, 0, 0, 0, 1408, 0, 2, 0, 0, 13, 2, 
1717478954207489000, 1327, 0, 0, 0, 0, 0, 0, 1472, 0, 2, 0, 0, 13, 2, 
1717478954271218000, 1391, 0, 0, 0, 0, 0, 0, 1536, 0, 2, 0, 0, 13, 2, 
1717478954333664000, 1455, 0, 0, 0, 0, 0, 0, 1600, 0, 2, 0, 0, 13, 2, 
1717478954395081000, 1519, 0, 0, 0, 0, 0, 0, 1664, 0, 2, 0, 0, 13, 2, 
1717478954457572000, 1583, 0, 0, 0, 0, 0, 0, 1728, 0, 2, 0, 0, 13, 2, 
1717478954517788000, 1647, 0, 0, 0, 0, 0, 0, 1792, 0, 2, 0, 0, 13, 2, 
1717478954581105000, 1711, 0, 0, 0, 0, 0, 0, 1856, 0, 2, 0, 0, 13, 2, 
1717478954642305000, 1775, 0, 0, 0, 0, 0, 0, 1920, 0, 2, 0, 0, 13, 2, 
1717478954705408000, 1839, 0, 0, 0, 0, 0, 0, 1984, 0, 2, 0, 0, 13, 2, 
1717478954765751000, 1903, 0, 0, 0, 0, 0, 0, 2048, 0, 2, 0, 0, 13, 2, 
1717478954828062000, 1967, 0, 0, 0, 0, 0, 0, 2112, 0, 2, 0, 0, 13, 2, 
1717478954891264000, 2031, 0, 0, 0, 0, 0, 0, 2176, 0, 2, 0, 0, 13, 2, 
1717478954952972000, 2095, 0, 0, 0, 0, 0, 0, 2240, 0, 2, 0, 0, 13, 2, 
1717478955013794000, 2159, 0, 0, 0, 0, 0, 0, 2304, 0, 2, 0, 0, 13, 2, 
1717478955074804000, 2223, 0, 0, 0, 0, 0, 0, 2368, 0, 2, 0, 0, 13, 2, 
1717478955137188000, 2287, 0, 0, 0, 0, 0, 0, 2432, 0, 2, 0, 0, 13, 2, 
1717478955199694000, 2351, 0, 0, 0, 0, 0, 0, 2496, 0, 2, 0, 0, 13, 2, 
1717478955261571000, 2415, 0, 0, 0, 0, 0, 0, 2560, 0, 2, 0, 0, 13, 2, 
1717478955323048000, 2479, 0, 0, 0, 0, 0, 0, 2624, 0, 2, 0, 0, 13, 2, 
1717478955402316000, 2543, 0, 0, 0, 0, 0, 0, 2688, 0, 2, 0, 0, 13, 2, 
1717478955464180000, 2607, 0, 0, 0, 0, 0, 0, 2752, 0, 2, 0, 0, 13, 2, 
1717478955526152000, 2671, 0, 0, 0, 0, 0, 0, 2816, 0, 2, 0, 0, 13, 2, 
1717478955588815000, 2735, 0, 0, 0, 0, 0, 0, 2880, 0, 2, 0, 0, 13, 2, 
1717478955652475000, 2799, 0, 0, 0, 0, 0, 0, 2944, 0, 2, 0, 0, 13, 2, 
1717478955715376000, 2863, 0, 0, 0, 0, 0, 0, 3008, 0, 2, 0, 0, 13, 2, 
1717478955777319000, 2927, 0, 0, 0, 0, 0, 0, 3072, 0, 2, 0, 0, 13, 2, 
1717478955839217000, 2991, 0, 0, 0, 0, 0, 0, 3136, 0, 2, 0, 0, 13, 2, 
1717478955901469000, 3055, 0, 0, 0, 0, 0, 0, 3200, 0, 2, 0, 0, 13, 2, 
1717478955962906000, 3119, 0, 0, 0, 0, 0, 0, 3264, 0, 2, 0, 0, 13, 2, 
1717478956025588000, 3183, 0, 0, 0, 0, 0, 0, 3328, 0, 2, 0, 0, 13, 2, 
1717478956087331000, 3247, 0, 0, 0, 0, 0, 0, 3392, 0, 2, 0, 0, 13, 2, 
1717478956148730000, 3311, 0, 0, 0, 0, 0, 0, 3456, 0, 2, 0, 0, 13, 2, 
1717478956211711000, 3375, 0, 0, 0, 0, 0, 0, 3520, 0, 2, 0, 0, 13, 2, 
1717478956272963000, 3439, 0, 0, 0, 0, 0, 0, 3584, 0, 2, 0, 0, 13, 2, 
1717478956335437000, 3503, 0, 0, 0, 0, 0, 0, 3648, 0, 2, 0, 0, 13, 2, 
1717478956397095000, 3567, 0, 0, 0, 0, 0, 0, 3712, 0, 2, 0, 0, 13, 2, 
1717478956458138000, 3631, 0, 0, 0, 0, 0, 0, 3776, 0, 2, 0, 0, 13, 2, 
1717478956522777000, 3695, 0, 0, 0, 0, 0, 0, 3840, 0, 2, 0, 0, 13, 2, 
1717478956584542000, 3759, 0, 0, 0, 0, 0, 0, 3904, 0, 2, 0, 0, 13, 2, 
1717478956648697000, 3823, 0, 0, 0, 0, 0, 0, 3968, 0, 2, 0, 0, 13, 2, 
1717478956711338000, 3887, 0, 0, 0, 0, 0, 0, 4032, 0, 2, 0, 0, 13, 2, 
1717478956773760000, 3951, 0, 0, 0, 0, 0, 0, 4096, 0, 2, 0, 0, 13, 2, 
1717478956836693000, 4015, 0, 0, 0, 0, 0, 0, 4160, 0, 2, 0, 0, 13, 2, 
1717478956900171000, 4079, 0, 0, 0, 0, 0, 0, 4224, 0, 2, 0, 0, 13, 2, 
1717478956964637000, 4143, 0, 0, 0, 0, 0, 0, 4288, 0, 2, 0, 0, 13, 2, 
1717478957024804000, 4207, 0, 0, 0, 0, 0, 0, 4352, 0, 2, 0, 0, 13, 2, 
1717478957085308000, 4271, 0, 0, 0, 0, 0, 0, 4416, 0, 2, 0, 0, 13, 2, 
1717478957148079000, 4335, 0, 0, 0, 0, 0, 0, 4480, 0, 2, 0, 0, 13, 2, 
1717478957210854000, 4399, 0, 0, 0, 0, 0, 0, 4544, 0, 2, 0, 0, 13, 2, 
1717478957272867000, 4463, 0, 0, 0, 0, 0, 0, 4608, 0, 2, 0, 0, 13, 2, 
1717478957335449000, 4527, 0, 0, 0, 0, 0, 0, 4672, 0, 2, 0, 0, 13, 2, 
1717478957396573000, 4591, 0, 0, 0, 0, 0, 0, 4736, 0, 2, 0, 0, 13, 2, 
1717478957458736000, 4655, 0, 0, 0, 0, 0, 0, 4800, 0, 2, 0, 0, 13, 2, 
1717478957521607000, 4719, 0, 0, 0, 0, 0, 0, 4864, 0, 2, 0, 0, 13, 2, 
1717478957583834000, 4783, 0, 0, 0, 0, 0, 0, 4928, 0, 2, 0, 0, 13, 2, 
1717478957646296000, 4847, 0, 0, 0, 0, 0, 0, 4992, 0, 2, 0, 0, 13, 2, 
1717478957709819000, 4911, 0, 0, 0, 0, 0, 0, 5056, 0, 2, 0, 0, 13, 2, 
1717478957771823000, 4975, 0, 0, 0, 0, 0, 0, 5120, 0, 2, 0, 0, 13, 2, 
1717478957832048000, 5039, 0, 0, 0, 0, 0, 0, 5184, 0, 2, 0, 0, 13, 2, 
1717478957913176000, 5103, 0, 0, 0, 0, 0, 0, 5248, 0, 2, 0, 0, 13, 2, 
1717478957975469000, 5167, 0, 0, 0, 0, 0, 0, 5312, 0, 2, 0, 0, 13, 2, 
1717478958038580000, 5231, 0, 0, 0, 0, 0, 0, 5376, 0, 2, 0, 0, 13, 2, 
1717478958098665000, 5295, 0, 0, 0, 0, 0, 0, 5440, 0, 2, 0, 0, 13, 2, 
1717478958161092000, 5359, 0, 0, 0, 0, 0, 0, 5504, 0, 2, 0, 0, 13, 2, 
1717478958222994000, 5423, 0, 0, 0, 0, 0, 0, 5568, 0, 2, 0, 0, 13, 2, 
1717478958286391000, 5487, 0, 0, 0, 0, 0, 0, 5632, 0, 2, 0, 0, 13, 2, 
1717478958347004000, 5551, 0, 0, 0, 0, 0, 0, 5696, 0, 2, 0, 0, 13, 2, 
1717478958407454000, 5615, 0, 0, 0, 0, 0, 0, 5760, 0, 2, 0, 0, 13, 2, 
1717478958470773000, 5679, 0, 0, 0, 0, 0, 0, 5824, 0, 2, 0, 0, 13, 2, 
1717478958534115000, 5743, 0, 0, 0, 0, 0, 0, 5888, 0, 2, 0, 0, 13, 2, 
1717478958595940000, 5807, 0, 0, 0, 0, 0, 0, 5952, 0, 2, 0, 0, 13, 2, 
1717478958659647000, 5871, 0, 0, 0, 0, 0, 0, 6016, 0, 2, 0, 0, 13, 2, 
1717478958723627000, 5935, 0, 0, 0, 0, 0, 0, 6080, 0, 2, 0, 0, 13, 2, 
1717478958784774000, 5999, 0, 0, 0, 0, 0, 0, 6144, 0, 2, 0, 0, 13, 2, 
1717478958846709000, 6063, 0, 0, 0, 0, 0, 0, 6208, 0, 2, 0, 0, 13, 2, 
1717478958907706000, 6127, 0, 0, 0, 0, 0, 0, 6272, 0, 2, 0, 0, 13, 2, 
1717478958970166000, 6191, 0, 0, 0, 0, 0, 0, 6336, 0, 2, 0, 0, 13, 2, 
1717478959031420000, 6255, 0, 0, 0, 0, 0, 0, 6400, 0, 2, 0, 0, 13, 2, 
1717478959095121000, 6319, 0, 0, 0, 0, 0, 0, 6464, 0, 2, 0, 0, 13, 2, 
1717478959157233000, 6383, 0, 0, 0, 0, 0, 0, 6528, 0, 2, 0, 0, 13, 2, 
1717478959222192000, 6447, 0, 0, 0, 0, 0, 0, 6592, 0, 2, 0, 0, 13, 2, 
1717478959283576000, 6511, 0, 0, 0, 0, 0, 0, 6656, 0, 2, 0, 0, 13, 2, 
1717478959345426000, 6575, 0, 0, 0, 0, 0, 0, 6720, 0, 2, 0, 0, 13, 2, 
1717478959406611000, 6639, 0, 0, 0, 0, 0, 0, 6784, 0, 2, 0, 0, 13, 2, 
1717478959469700000, 6703, 0, 0, 0, 0, 0, 0, 6848, 0, 2, 0, 0, 13, 2, 
1717478959532396000, 6767, 0, 0, 0, 0, 0, 0, 6912, 0, 2, 0, 0, 13, 2, 
1717478959594586000, 6831, 0, 0, 0, 0, 0, 0, 6976, 0, 2, 0, 0, 13, 2, 
1717478959656580000, 6895, 0, 0, 0, 0, 0, 0, 7040, 0, 2, 0, 0, 13, 2, 
1717478959718424000, 6959, 0, 0, 0, 0, 0, 0, 7104, 0, 2, 0, 0, 13, 2, 
1717478959781284000, 7023, 0, 0, 0, 0, 0, 0, 7168, 0, 2, 0, 0, 13, 2, 
1717478959844969000, 7087, 0, 0, 0, 0, 0, 0, 7232, 0, 2, 0, 0, 13, 2, 
1717478959908028000, 7151, 0, 0, 0, 0, 0, 0, 7296, 0, 2, 0, 0, 13, 2, 
1717478959971735000, 7215, 0, 0, 0, 0, 0, 0, 7360, 0, 2, 0, 0, 13, 2, 
1717478960032812000, 7279, 0, 0, 0, 0, 0, 0, 7424, 0, 2, 0, 0, 13, 2, 
1717478960093946000, 7343, 0, 0, 0, 0, 0, 0, 7488, 0, 2, 0, 0, 13, 2, 
1717478960155544000, 7407, 0, 0, 0, 0, 0, 0, 7552, 0, 2, 0, 0, 13, 2, 
1717478960217276000, 7471, 0, 0, 0, 0, 0, 0, 7616, 0, 2, 0, 0, 13, 2, 
1717478960281184000, 7535, 0, 0, 0, 0, 0, 0, 7680, 0, 2, 0, 0, 13, 2, 
1717478960344353000, 7599, 0, 0, 0, 0, 0, 0, 7744, 0, 2, 0, 0, 13, 2, 
1717478960422595000, 7663, 0, 0, 0, 0, 0, 0, 7808, 0, 2, 0, 0, 13, 2, 
1717478960484064000, 7727, 0, 0, 0, 0, 0, 0, 7872, 0, 2, 0, 0, 13, 2, 
1717478960546336000, 7791, 0, 0, 0, 0, 0, 0, 7936, 0, 2, 0, 0, 13, 2, 
1717478960606885000, 7855, 0, 0, 0, 0, 0, 0, 8000, 0, 2, 0, 0, 13, 2, 
1717478960670339000, 7919, 0, 0, 0, 0, 0, 0, 8064, 0, 2, 0, 0, 13, 2, 
1717478960732837000, 7983, 0, 0, 0, 0, 0, 0, 8128, 0, 2, 0, 0, 13, 2, 
1717478960795347000, 8047, 0, 0, 0, 0, 0, 0, 8192, 0, 2, 0, 0, 13, 2, 
1717478960857457000, 8111, 0, 0, 0, 0, 0, 0, 8256, 0, 2, 0, 0, 13, 2, 
1717478960920823000, 8175, 0, 0, 0, 0, 0, 0, 8320, 0, 2, 0, 0, 13, 2, 
1717478960982358000, 8239, 0, 0, 0, 0, 0, 0, 8384, 0, 2, 0, 0, 13, 2, 
1717478961046469000, 8303, 0, 0, 0, 0, 0, 0, 8448, 0, 2, 0, 0, 13, 2, 
1717478961107631000, 8367, 0, 0, 0, 0, 0, 0, 8512, 0, 2, 0, 0, 13, 2, 
1717478961169426000, 8431, 0, 0, 0, 0, 0, 0, 8576, 0, 2, 0, 0, 13, 2, 
1717478961229599000, 8495, 0, 0, 0, 0, 0, 0, 8640, 0, 2, 0, 0, 13, 2, 
1717478961292793000, 8559, 0, 0, 0, 0, 0, 0, 8704, 0, 2, 0, 0, 13, 2, 
1717478961355618000, 8623, 0, 0, 0, 0, 0, 0, 8768, 0, 2, 0, 0, 13, 2, 
1717478961418925000, 8687, 0, 0, 0, 0, 0, 0, 8832, 0, 2, 0, 0, 13, 2, 
1717478961480514000, 8751, 0, 0, 0, 0, 0, 0, 8896, 0, 2, 0, 0, 13, 2, 
1717478961541932000, 8815, 0, 0, 0, 0, 0, 0, 8960, 0, 2, 0, 0, 13, 2, 
1717478961603703000, 8879, 0, 0, 0, 0, 0, 0, 9024, 0, 2, 0, 0, 13, 2, 
1717478961666695000, 8943, 0, 0, 0, 0, 0, 0, 9088, 0, 2, 0, 0, 13, 2, 
1717478961721407000, 9007, 0, 0, 0, 0, 0, 0, 9152, 0, 2, 0, 0, 13, 2, 
1717478961775144000, 9071, 0, 0, 0, 0, 0, 0, 9216, 0, 2, 0, 0, 13, 2, 
1717478961843558000, 9135, 0, 0, 0, 0, 0, 0, 9280, 0, 2, 0, 0, 13, 2, 
1717478961898503000, 9199, 0, 0, 0, 0, 0, 0, 9344, 0, 2, 0, 0, 13, 2, 
1717478961962299000, 9263, 0, 0, 0, 0, 0, 0, 9408, 0, 2, 0, 0, 13, 2, 
1717478962022001000, 9327, 0, 0, 0, 0, 0, 0, 9472, 0, 2, 0, 0, 13, 2, 
1717478962083697000, 9391, 0, 0, 0, 0, 0, 0, 9536, 0, 2, 0, 0, 13, 2, 
1717478962145920000, 9455, 0, 0, 0, 0, 0, 0, 9600, 0, 2, 0, 0, 13, 2, 
1717478962206883000, 9519, 0, 0, 0, 0, 0, 0, 9664, 0, 2, 0, 0, 13, 2, 
1717478962269548000, 9583, 0, 0, 0, 0, 0, 0, 9728, 0, 2, 0, 0, 13, 2, 
1717478962331622000, 9647, 0, 0, 0, 0, 0, 0, 9792, 0, 2, 0, 0, 13, 2, 
1717478962393207000, 9711, 0, 0, 0, 0, 0, 0, 9856, 0, 2, 0, 0, 13, 2, 
1717478962456993000, 9775, 0, 0, 0, 0, 0, 0, 9920, 0, 2, 0, 0, 13, 2, 
1717478962520261000, 9839, 0, 0, 0, 0, 0, 0, 9984, 0, 2, 0, 0, 13, 2, 
1717478962581057000, 9903, 0, 0, 0, 0, 0, 0, 10048, 0, 2, 0, 0, 13, 2, 
1717478962643260000, 9967, 0, 0, 0, 0, 0, 0, 10112, 0, 2, 0, 0, 13, 2, 
1717478962704764000, 10031, 0, 0, 0, 0, 0, 0, 10176, 0, 2, 0, 0, 13, 2, 
1717478962768268000, 10095, 0, 0, 0, 0, 0, 0, 10240, 0, 2, 0, 0, 13, 2, 
1717478962830029000, 10159, 0, 0, 0, 0, 0, 0, 10304, 0, 2, 0, 0, 13, 2, 
1717478962909331000, 10223, 0, 0, 0, 0, 0, 0, 10368, 0, 2, 0, 0, 13, 2, 
1717478962971594000, 10287, 0, 0, 0, 0, 0, 0, 10432, 0, 2, 0, 0, 13, 2, 
1717478963034558000, 10351, 0, 0, 0, 0, 0, 0, 10496, 0, 2, 0, 0, 13, 2, 
1717478963095833000, 10415, 0, 0, 0, 0, 0, 0, 10560, 0, 2, 0, 0, 13, 2, 
1717478963158645000, 10479, 0, 0, 0, 0, 0, 0, 10624, 0, 2, 0, 0, 13, 2, 
1717478963219560000, 10543, 0, 0, 0, 0, 0, 0, 10688, 0, 2, 0, 0, 13, 2, 
1717478963282067000, 10607, 0, 0, 0, 0, 0, 0, 10752, 0, 2, 0, 0, 13, 2, 
1717478963345565000, 10671, 0, 0, 0, 0, 0, 0, 10816, 0, 2, 0, 0, 13, 2, 
1717478963408740000, 10735, 0, 0, 0, 0, 0, 0, 10880, 0, 2, 0, 0, 13, 2, 
1717478963469491000, 10799, 0, 0, 0, 0, 0, 0, 10944, 0, 2, 0, 0, 13, 2, 
1717478963532942000, 10863, 0, 0, 0, 0, 0, 0, 11008, 0, 2, 0, 0, 13, 2, 
1717478963593830000, 10927, 0, 0, 0, 0, 0, 0, 11072, 0, 2, 0, 0, 13, 2, 
1717478963655033000, 10991, 0, 0, 0, 0, 0, 0, 11136, 0, 2, 0, 0, 13, 2, 
1717478963719031000, 11055, 0, 0, 0, 0, 0, 0, 11200, 0, 2, 0, 0, 13, 2, 
1717478963782585000, 11119, 0, 0, 0, 0, 0, 0, 11264, 0, 2, 0, 0, 13, 2, 
1717478963846365000, 11183, 0, 0, 0, 0, 0, 0, 11328, 0, 2, 0, 0, 13, 2, 
1717478963908714000, 11247, 0, 0, 0, 0, 0, 0, 11392, 0, 2, 0, 0, 13, 2, 
1717478963970738000, 11311, 0, 0, 0, 0, 0, 0, 11456, 0, 2, 0, 0, 13, 2, 
1717478964034077000, 11375, 0, 0, 0, 0, 0, 0, 11520, 0, 2, 0, 0, 13, 2, 
1717478964095399000, 11439, 0, 0, 0, 0, 0, 0, 11584, 0, 2, 0, 0, 13, 2, 
1717478964157324000, 11503, 0, 0, 0, 0, 0, 0, 11648, 0, 2, 0, 0, 13, 2, 
1717478964219550000, 11567, 0, 0, 0, 0, 0, 0, 11712, 0, 2, 0, 0, 13, 2, 
1717478964281958000, 11631, 0, 0, 0, 0, 0, 0, 11776, 0, 2, 0, 0, 13, 2, 
1717478964343690000, 11695, 0, 0, 0, 0, 0, 0, 11840, 0, 2, 0, 0, 13, 2, 
1717478964406386000, 11759, 0, 0, 0, 0, 0, 0, 11904, 0, 2, 0, 0, 13, 2, 
1717478964468264000, 11823, 0, 0, 0, 0, 0, 0, 11968, 0, 2, 0, 0, 13, 2, 
1717478964529617000, 11887, 0, 0, 0, 0, 0, 0, 12032, 0, 2, 0, 0, 13, 2, 
1717478964593184000, 11951, 0, 0, 0, 0, 0, 0, 12096, 0, 2, 0, 0, 13, 2, 
1717478964656824000, 12015, 0, 0, 0, 0, 0, 0, 12160, 0, 2, 0, 0, 13, 2, 
1717478964719043000, 12079, 0, 0, 0, 0, 0, 0, 12224, 0, 2, 0, 0, 13, 2, 
1717478964779109000, 12143, 0, 0, 0, 0, 0, 0, 12288, 0, 2, 0, 0, 13, 2, 
1717478964841156000, 12207, 0, 0, 0, 0, 0, 0, 12352, 0, 2, 0, 0, 13, 2, 
1717478964904389000, 12271, 0, 0, 0, 0, 0, 0, 12416, 0, 2, 0, 0, 13, 2, 
1717478964967010000, 12335, 0, 0, 0, 0, 0, 0, 12480, 0, 2, 0, 0, 13, 2, 
1717478965029875000, 12399, 0, 0, 0, 0, 0, 0, 12544, 0, 2, 0, 0, 13, 2, 
1717478965092725000, 12463, 0, 0, 0, 0, 0, 0, 12608, 0, 2, 0, 0, 13, 2, 
1717478965155367000, 12527, 0, 0, 0, 0, 0, 0, 12672, 0, 2, 0, 0, 13, 2, 
1717478965218176000, 12591, 0, 0, 0, 0, 0, 0, 12736, 0, 2, 0, 0, 13, 2, 
1717478965280637000, 12655, 0, 0, 0, 0, 0, 0, 12800, 0, 2, 0, 0, 13, 2, 
1717478965343398000, 12719, 0, 0, 0, 0, 0, 0, 12864, 0, 2, 0, 0, 13, 2, 
1717478965406190000, 12783, 0, 0, 0, 0, 0, 0, 12928, 0, 2, 0, 0, 13, 2, 
1717478965469288000, 12847, 0, 0, 0, 0, 0, 0, 12992, 0, 2, 0, 0, 13, 2, 
1717478965531918000, 12911, 0, 0, 0, 0, 0, 0, 13056, 0, 2, 0, 0, 13, 2, 
1717478965592516000, 12975, 0, 0, 0, 0, 0, 0, 13120, 0, 2, 0, 0, 13, 2, 
1717478965655320000, 13039, 0, 0, 0, 0, 0, 0, 13184, 0, 2, 0, 0, 13, 2, 
1717478965717217000, 13103, 0, 0, 0, 0, 0, 0, 13248, 0, 2, 0, 0, 13, 2, 
1717478965780308000, 13167, 0, 0, 0, 0, 0, 0, 13312, 0, 2, 0, 0, 13, 2, 
1717478965843221000, 13231, 0, 0, 0, 0, 0, 0, 13376, 0, 2, 0, 0, 13, 2, 
1717478965906812000, 13295, 0, 0, 0, 0, 0, 0, 13440, 0, 2, 0, 0, 13, 2, 
1717478965968832000, 13359, 0, 0, 0, 0, 0, 0, 13504, 0, 2, 0, 0, 13, 2, 
1717478966030755000, 13423, 0, 0, 0, 0, 0, 0, 13568, 0, 2, 0, 0, 13, 2, 
1717478966092125000, 13487, 0, 0, 0, 0, 0, 0, 13632, 0, 2, 0, 0, 13, 2, 
1717478966156168000, 13551, 0, 0, 0, 0, 0, 0, 13696, 0, 2, 0, 0, 13, 2, 
1717478966218225000, 13615, 0, 0, 0, 0, 0, 0, 13760, 0, 2, 0, 0, 13, 2, 
1717478966281791000, 13679, 0, 0, 0, 0, 0, 0, 13824, 0, 2, 0, 0, 13, 2, 
1717478966344791000, 13743, 0, 0, 0, 0, 0, 0, 13888, 0, 2, 0, 0, 13, 2, 
1717478966407340000, 13807, 0, 0, 0, 0, 0, 0, 13952, 0, 2, 0, 0, 13, 2, 
1717478966471341000, 13871, 0, 0, 0, 0, 0, 0, 14016, 0, 2, 0, 0, 13, 2, 
1717478966534911000, 13935, 0, 0, 0, 0, 0, 0, 14080, 0, 2, 0, 0, 13, 2, 
1717478966598847000, 13999, 0, 0, 0, 0, 0, 0, 14144, 0, 2, 0, 0, 13, 2, 
1717478966662846000, 14063, 0, 0, 0, 0, 0, 0, 14208, 0, 2, 0, 0, 13, 2, 
1717478966724404000, 14127, 0, 0, 0, 0, 0, 0, 14272, 0, 2, 0, 0, 13, 2, 
1717478966788403000, 14191, 0, 0, 0, 0, 0, 0, 14336, 0, 2, 0, 0, 13, 2, 
1717478966851970000, 14255, 0, 0, 0, 0, 0, 0, 14400, 0, 2, 0, 0, 13, 2, 
1717478966915538000, 14319, 0, 0, 0, 0, 0, 0, 14464, 0, 2, 0, 0, 13, 2, 
1717478966979123000, 14383, 0, 0, 0, 0, 0, 0, 14528, 0, 2, 0, 0, 13, 2, 
1717478967040688000, 14447, 0, 0, 0, 0, 0, 0, 14592, 0, 2, 0, 0, 13, 2, 
1717478967104687000, 14511, 0, 0, 0, 0, 0, 0, 14656, 0, 2, 0, 0, 13, 2, 
1717478967166281000, 14575, 0, 0, 0, 0, 0, 0, 14720, 0, 2, 0, 0, 13, 2, 
1717478967230280000, 14639, 0, 0, 0, 0, 0, 0, 14784, 0, 2, 0, 0, 13, 2, 
1717478967293897000, 14703, 0, 0, 0, 0, 0, 0, 14848, 0, 2, 0, 0, 13, 2, 
1717478967355904000, 14767, 0, 0, 0, 0, 0, 0, 14912, 0, 2, 0, 0, 13, 2, 
1717478967419005000, 14831, 0, 0, 0, 0, 0, 0, 14976, 0, 2, 0, 0, 13, 2, 
1717478967479682000, 14895, 0, 0, 0, 0, 0, 0, 15040, 0, 2, 0, 0, 13, 2, 
1717478967542456000, 14959, 0, 0, 0, 0, 0, 0, 15104, 0, 2, 0, 0, 13, 2, 
1717478967606171000, 15023, 0, 0, 0, 0, 0, 0, 15168, 0, 2, 0, 0, 13, 2, 
1717478967668711000, 15087, 0, 0, 0, 0, 0, 0, 15232, 0, 2, 0, 0, 13, 2, 
1717478967732237000, 15151, 0, 0, 0, 0, 0, 0, 15296, 0, 2, 0, 0, 13, 2, 
1717478967794117000, 15215, 0, 0, 0, 0, 0, 0, 15360, 0, 2, 0, 0, 13, 2, 
1717478967856242000, 15279, 0, 0, 0, 0, 0, 0, 15424, 0, 2, 0, 0, 13, 2, 
1717478967918294000, 15343, 0, 0, 0, 0, 0, 0, 15488, 0, 2, 0, 0, 13, 2, 
1717478967979606000, 15407, 0, 0, 0, 0, 0, 0, 15552, 0, 2, 0, 0, 13, 2, 
1717478968042968000, 15471, 0, 0, 0, 0, 0, 0, 15616, 0, 2, 0, 0, 13, 2, 
1717478968104342000, 15535, 0, 0, 0, 0, 0, 0, 15680, 0, 2, 0, 0, 13, 2, 
1717478968166675000, 15599, 0, 0, 0, 0, 0, 0, 15744, 0, 2, 0, 0, 13, 2, 
1717478968230384000, 15663, 0, 0, 0, 0, 0, 0, 15808, 0, 2, 0, 0, 13, 2, 
1717478968291107000, 15727, 0, 0, 0, 0, 0, 0, 15872, 0, 2, 0, 0, 13, 2, 
1717478968353190000, 15791, 0, 0, 0, 0, 0, 0, 15936, 0, 2, 0, 0, 13, 2, 
1717478968416032000, 15855, 0, 0, 0, 0, 0, 0, 16000, 0, 2, 0, 0, 13, 2, 
1717478968479276000, 15919, 0, 0, 0, 0, 0, 0, 16064, 0, 2, 0, 0, 13, 2, 
1717478968541040000, 15983, 0, 0, 0, 0, 0, 0, 16128, 0, 2, 0, 0, 13, 2, 
1717478968602686000, 16047, 0, 0, 0, 0, 0, 0, 16192, 0, 2, 0, 0, 13, 2, 
1717478968665592000, 16111, 0, 0, 0, 0, 0, 0, 16256, 0, 2, 0, 0, 13, 2, 
1717478968728351000, 16175, 0, 0, 0, 0, 0, 0, 16320, 0, 2, 0, 0, 13, 2, 
1717478968790008000, 16239, 0, 0, 0, 0, 0, 0, 16384, 0, 2, 0, 0, 13, 2, 
1717478968851970000, 16303, 0, 0, 0, 0, 0, 0, 16448, 0, 2, 0, 0, 13, 2, 
1717478968913777000, 16367, 0, 0, 0, 0, 0, 0, 16512, 0, 2, 0, 0, 13, 2, 
1717478968975987000, 16431, 0, 0, 0, 0, 0, 0, 16576, 0, 2, 0, 0, 13, 2, 
1717478969038462000, 16495, 0, 0, 0, 0, 0, 0, 16640, 0, 2, 0, 0, 13, 2, 
1717478969099179000, 16559, 0, 0, 0, 0, 0, 0, 16704, 0, 2, 0, 0, 13, 2, 
1717478969161341000, 16623, 0, 0, 0, 0, 0, 0, 16768, 0, 2, 0, 0, 13, 2, 
1717478969221742000, 16687, 0, 0, 0, 0, 0, 0, 16832, 0, 2, 0, 0, 13, 2, 
1717478969283605000, 16751, 0, 0, 0, 0, 0, 0, 16896, 0, 2, 0, 0, 13, 2, 
1717478969346280000, 16815, 0, 0, 0, 0, 0, 0, 16960, 0, 2, 0, 0, 13, 2, 
1717478969406925000, 16879, 0, 0, 0, 0, 0, 0, 17024, 0, 2, 0, 0, 13, 2, 
1717478969469343000, 16943, 0, 0, 0, 0, 0, 0, 17088, 0, 2, 0, 0, 13, 2, 
1717478969531609000, 17007, 0, 0, 0, 0, 0, 0, 17152, 0, 2, 0, 0, 13, 2, 
1717478969592090000, 17071, 0, 0, 0, 0, 0, 0, 17216, 0, 2, 0, 0, 13, 2, 
1717478969655441000, 17135, 0, 0, 0, 0, 0, 0, 17280, 0, 2, 0, 0, 13, 2, 
1717478969717069000, 17199, 0, 0, 0, 0, 0, 0, 17344, 0, 2, 0, 0, 13, 2, 
1717478969778447000, 17263, 0, 0, 0, 0, 0, 0, 17408, 0, 2, 0, 0, 13, 2, 
1717478969841510000, 17327, 0, 0, 0, 0, 0, 0, 17472, 0, 2, 0, 0, 13, 2, 
1717478969903854000, 17391, 0, 0, 0, 0, 0, 0, 17536, 0, 2, 0, 0, 13, 2, 
1717478969966445000, 17455, 0, 0, 0, 0, 0, 0, 17600, 0, 2, 0, 0, 13, 2, 
1717478970030289000, 17519, 0, 0, 0, 0, 0, 0, 17664, 0, 2, 0, 0, 13, 2, 
1717478970090555000, 17583, 0, 0, 0, 0, 0, 0, 17728, 0, 2, 0, 0, 13, 2, 
1717478970153187000, 17647, 0, 0, 0, 0, 0, 0, 17792, 0, 2, 0, 0, 13, 2, 
1717478970216904000, 17711, 0, 0, 0, 0, 0, 0, 17856, 0, 2, 0, 0, 13, 2, 
1717478970278796000, 17775, 0, 0, 0, 0, 0, 0, 17920, 0, 2, 0, 0, 13, 2, 
1717478970341646000, 17839, 0, 0, 0, 0, 0, 0, 17984, 0, 2, 0, 0, 13, 2, 
1717478970403532000, 17903, 0, 0, 0, 0, 0, 0, 18048, 0, 2, 0, 0, 13, 2, 
1717478970465906000, 17967, 0, 0, 0, 0, 0, 0, 18112, 0, 2, 0, 0, 13, 2, 
1717478970528704000, 18031, 0, 0, 0, 0, 0, 0, 18176, 0, 2, 0, 0, 13, 2, 
1717478970591073000, 18095, 0, 0, 0, 0, 0, 0, 18240, 0, 2, 0, 0, 13, 2, 
1717478970652414000, 18159, 0, 0, 0, 0, 0, 0, 18304, 0, 2, 0, 0, 13, 2, 
1717478970714529000, 18223, 0, 0, 0, 0, 0, 0, 18368, 0, 2, 0, 0, 13, 2, 
1717478970779588000, 18287, 0, 0, 0, 0, 0, 0, 18432, 0, 2, 0, 0, 13, 2, 
1717478970839553000, 18351, 0, 0, 0, 0, 0, 0, 18496, 0, 2, 0, 0, 13, 2, 
1717478970900715000, 18415, 0, 0, 0, 0, 0, 0, 18560, 0, 2, 0, 0, 13, 2, 
1717478970961169000, 18479, 0, 0, 0, 0, 0, 0, 18624, 0, 2, 0, 0, 13, 2, 
1717478971025912000, 18543, 0, 0, 0, 0, 0, 0, 18688, 0, 2, 0, 0, 13, 2, 
1717478971088436000, 18607, 0, 0, 0, 0, 0, 0, 18752, 0, 2, 0, 0, 13, 2, 
1717478971150505000, 18671, 0, 0, 0, 0, 0, 0, 18816, 0, 2, 0, 0, 13, 2, 
1717478971212885000, 18735, 0, 0, 0, 0, 0, 0, 18880, 0, 2, 0, 0, 13, 2, 
1717478971276526000, 18799, 0, 0, 0, 0, 0, 0, 18944, 0, 2, 0, 0, 13, 2, 
1717478971340652000, 18863, 0, 0, 0, 0, 0, 0, 19008, 0, 2, 0, 0, 13, 2, 
1717478971402375000, 18927, 0, 0, 0, 0, 0, 0, 19072, 0, 2, 0, 0, 13, 2, 
1717478971464320000, 18991, 0, 0, 0, 0, 0, 0, 19136, 0, 2, 0, 0, 13, 2, 
1717478971526427000, 19055, 0, 0, 0, 0, 0, 0, 19200, 0, 2, 0, 0, 13, 2, 
1717478971587801000, 19119, 0, 0, 0, 0, 0, 0, 19264, 0, 2, 0, 0, 13, 2, 
1717478971648684000, 19183, 0, 0, 0, 0, 0, 0, 19328, 0, 2, 0, 0, 13, 2, 
1717478971710575000, 19247, 0, 0, 0, 0, 0, 0, 19392, 0, 2, 0, 0, 13, 2, 
1717478971772936000, 19311, 0, 0, 0, 0, 0, 0, 19456, 0, 2, 0, 0, 13, 2, 
1717478971834104000, 19375, 0, 0, 0, 0, 0, 0, 19520, 0, 2, 0, 0, 13, 2, 
1717478971895316000, 19439, 0, 0, 0, 0, 0, 0, 19584, 0, 2, 0, 0, 13, 2, 
1717478971957954000, 19503, 0, 0, 0, 0, 0, 0, 19648, 0, 2, 0, 0, 13, 2, 
1717478972020400000, 19567, 0, 0, 0, 0, 0, 0, 19712, 0, 2, 0, 0, 13, 2, 
1717478972082808000, 19631, 0, 0, 0, 0, 0, 0, 19776, 0, 2, 0, 0, 13, 2, 
1717478972148525000, 19695, 0, 0, 0, 0, 0, 0, 19840, 0, 2, 0, 0, 13, 2, 
1717478972209508000, 19759, 0, 0, 0, 0, 0, 0, 19904, 0, 2, 0, 0, 13, 2, 
1717478972271684000, 19823, 0, 0, 0, 0, 0, 0, 19968, 0, 2, 0, 0, 13, 2, 
1717478972335960000, 19887, 0, 0, 0, 0, 0, 0, 20032, 0, 2, 0, 0, 13, 2, 
1717478972400009000, 19951, 0, 0, 0, 0, 0, 0, 20096, 0, 2, 0, 0, 13, 2, 
1717478972461032000, 20015, 0, 0, 0, 0, 0, 0, 20160, 0, 2, 0, 0, 13, 2, 
1717478972522380000, 20079, 0, 0, 0, 0, 0, 0, 20224, 0, 2, 0, 0, 13, 2, 
1717478972584578000, 20143, 0, 0, 0, 0, 0, 0, 20288, 0, 2, 0, 0, 13, 2, 
1717478972647868000, 20207, 0, 0, 0, 0, 0, 0, 20352, 0, 2, 0, 0, 13, 2, 
1717478972710053000, 20271, 0, 0, 0, 0, 0, 0, 20416, 0, 2, 0, 0, 13, 2, 
1717478972772835000, 20335, 0, 0, 0, 0, 0, 0, 20480, 0, 2, 0, 0, 13, 2, 
1717478972835266000, 20399, 0, 0, 0, 0, 0, 0, 20544, 0, 2, 0, 0, 13, 2, 
1717478972897262000, 20463, 0, 0, 0, 0, 0, 0, 20608, 0, 2, 0, 0, 13, 2, 
1717478972960521000, 20527, 0, 0, 0, 0, 0, 0, 20672, 0, 2, 0, 0, 13, 2, 
1717478973023171000, 20591, 0, 0, 0, 0, 0, 0, 20736, 0, 2, 0, 0, 13, 2, 
1717478973085267000, 20655, 0, 0, 0, 0, 0, 0, 20800, 0, 2, 0, 0, 13, 2, 
1717478973146578000, 20719, 0, 0, 0, 0, 0, 0, 20864, 0, 2, 0, 0, 13, 2, 
1717478973210268000, 20783, 0, 0, 0, 0, 0, 0, 20928, 0, 2, 0, 0, 13, 2, 
1717478973273234000, 20847, 0, 0, 0, 0, 0, 0, 20992, 0, 2, 0, 0, 13, 2, 
1717478973336845000, 20911, 0, 0, 0, 0, 0, 0, 21056, 0, 2, 0, 0, 13, 2, 
1717478973398301000, 20975, 0, 0, 0, 0, 0, 0, 21120, 0, 2, 0, 0, 13, 2, 
1717478973461416000, 21039, 0, 0, 0, 0, 0, 0, 21184, 0, 2, 0, 0, 13, 2, 
1717478973522185000, 21103, 0, 0, 0, 0, 0, 0, 21248, 0, 2, 0, 0, 13, 2, 
1717478973583677000, 21167, 0, 0, 0, 0, 0, 0, 21312, 0, 2, 0, 0, 13, 2, 
1717478973646079000, 21231, 0, 0, 0, 0, 0, 0, 21376, 0, 2, 0, 0, 13, 2, 
1717478973708246000, 21295, 0, 0, 0, 0, 0, 0, 21440, 0, 2, 0, 0, 13, 2, 
1717478973772030000, 21359, 0, 0, 0, 0, 0, 0, 21504, 0, 2, 0, 0, 13, 2, 
1717478973834945000, 21423, 0, 0, 0, 0, 0, 0, 21568, 0, 2, 0, 0, 13, 2, 
1717478973896657000, 21487, 0, 0, 0, 0, 0, 0, 21632, 0, 2, 0, 0, 13, 2, 
1717478973959468000, 21551, 0, 0, 0, 0, 0, 0, 21696, 0, 2, 0, 0, 13, 2, 
1717478974022171000, 21615, 0, 0, 0, 0, 0, 0, 21760, 0, 2, 0, 0, 13, 2, 
1717478974084619000, 21679, 0, 0, 0, 0, 0, 0, 21824, 0, 2, 0, 0, 13, 2, 
1717478974145146000, 21743, 0, 0, 0, 0, 0, 0, 21888, 0, 2, 0, 0, 13, 2, 
1717478974208886000, 21807, 0, 0, 0, 0, 0, 0, 21952, 0, 2, 0, 0, 13, 2, 
1717478974270361000, 21871, 0, 0, 0, 0, 0, 0, 22016, 0, 2, 0, 0, 13, 2, 
1717478974333579000, 21935, 0, 0, 0, 0, 0, 0, 22080, 0, 2, 0, 0, 13, 2, 
1717478974393702000, 21999, 0, 0, 0, 0, 0, 0, 22144, 0, 2, 0, 0, 13, 2, 
1717478974458663000, 22063, 0, 0, 0, 0, 0, 0, 22208, 0, 2, 0, 0, 13, 2, 
1717478974520009000, 22127, 0, 0, 0, 0, 0, 0, 22272, 0, 2, 0, 0, 13, 2, 
1717478974581585000, 22191, 0, 0, 0, 0, 0, 0, 22336, 0, 2, 0, 0, 13, 2, 
1717478974643792000, 22255, 0, 0, 0, 0, 0, 0, 22400, 0, 2, 0, 0, 13, 2, 
1717478974706012000, 22319, 0, 0, 0, 0, 0, 0, 22464, 0, 2, 0, 0, 13, 2, 
1717478974768454000, 22383, 0, 0, 0, 0, 0, 0, 22528, 0, 2, 0, 0, 13, 2, 
1717478974830672000, 22447, 0, 0, 0, 0, 0, 0, 22592, 0, 2, 0, 0, 13, 2, 
1717478974892548000, 22511, 0, 0, 0, 0, 0, 0, 22656, 0, 2, 0, 0, 13, 2, 
1717478974954991000, 22575, 0, 0, 0, 0, 0, 0, 22720, 0, 2, 0, 0, 13, 2, 
1717478975016624000, 22639, 0, 0, 0, 0, 0, 0, 22784, 0, 2, 0, 0, 13, 2, 
1717478975079910000, 22703, 0, 0, 0, 0, 0, 0, 22848, 0, 2, 0, 0, 13, 2, 
1717478975140021000, 22767, 0, 0, 0, 0, 0, 0, 22912, 0, 2, 0, 0, 13, 2, 
1717478975202322000, 22831, 0, 0, 0, 0, 0, 0, 22976, 0, 2, 0, 0, 13, 2, 
1717478975264776000, 22895, 0, 0, 0, 0, 0, 0, 23040, 0, 2, 0, 0, 13, 2, 
1717478975326412000, 22959, 0, 0, 0, 0, 0, 0, 23104, 0, 2, 0, 0, 13, 2, 
1717478975390205000, 23023, 0, 0, 0, 0, 0, 0, 23168, 0, 2, 0, 0, 13, 2, 
1717478975450581000, 23087, 0, 0, 0, 0, 0, 0, 23232, 0, 2, 0, 0, 13, 2, 
1717478975511051000, 23151, 0, 0, 0, 0, 0, 0, 23296, 0, 2, 0, 0, 13, 2, 
1717478975571564000, 23215, 0, 0, 0, 0, 0, 0, 23360, 0, 2, 0, 0, 13, 2, 
1717478975635221000, 23279, 0, 0, 0, 0, 0, 0, 23424, 0, 2, 0, 0, 13, 2, 
1717478975696187000, 23343, 0, 0, 0, 0, 0, 0, 23488, 0, 2, 0, 0, 13, 2, 
1717478975759763000, 23407, 0, 0, 0, 0, 0, 0, 23552, 0, 2, 0, 0, 13, 2, 
1717478975821288000, 23471, 0, 0, 0, 0, 0, 0, 23616, 0, 2, 0, 0, 13, 2, 
1717478975881969000, 23535, 0, 0, 0, 0, 0, 0, 23680, 0, 2, 0, 0, 13, 2, 
1717478975943939000, 23599, 0, 0, 0, 0, 0, 0, 23744, 0, 2, 0, 0, 13, 2, 
1717478976006823000, 23663, 0, 0, 0, 0, 0, 0, 23808, 0, 2, 0, 0, 13, 2, 
1717478976068835000, 23727, 0, 0, 0, 0, 0, 0, 23872, 0, 2, 0, 0, 13, 2, 
1717478976132436000, 23791, 0, 0, 0, 0, 0, 0, 23936, 0, 2, 0, 0, 13, 2, 
1717478976195016000, 23855, 0, 0, 0, 0, 0, 0, 24000, 0, 2, 0, 0, 13, 2, 
1717478976258670000, 23919, 0, 0, 0, 0, 0, 0, 24064, 0, 2, 0, 0, 13, 2, 
1717478976321396000, 23983, 0, 0, 0, 0, 0, 0, 24128, 0, 2, 0, 0, 13, 2, 
1717478976383583000, 24047, 0, 0, 0, 0, 0, 0, 24192, 0, 2, 0, 0, 13, 2, 
1717478976445177000, 24111, 0, 0, 0, 0, 0, 0, 24256, 0, 2, 0, 0, 13, 2, 
1717478976506780000, 24175, 0, 0, 0, 0, 0, 0, 24320, 0, 2, 0, 0, 13, 2, 
1717478976568090000, 24239, 0, 0, 0, 0, 0, 0, 24384, 0, 2, 0, 0, 13, 2, 
1717478976630349000, 24303, 0, 0, 0, 0, 0, 0, 24448, 0, 2, 0, 0, 13, 2, 
1717478976692709000, 24367, 0, 0, 0, 0, 0, 0, 24512, 0, 2, 0, 0, 13, 2, 
1717478976754148000, 24431, 0, 0, 0, 0, 0, 0, 24576, 0, 2, 0, 0, 13, 2, 
1717478976816596000, 24495, 0, 0, 0, 0, 0, 0, 24640, 0, 2, 0, 0, 13, 2, 
1717478976879446000, 24559, 0, 0, 0, 0, 0, 0, 24704, 0, 2, 0, 0, 13, 2, 
1717478976939730000, 24623, 0, 0, 0, 0, 0, 0, 24768, 0, 2, 0, 0, 13, 2, 
1717478977002785000, 24687, 0, 0, 0, 0, 0, 0, 24832, 0, 2, 0, 0, 13, 2, 
1717478977064373000, 24751, 0, 0, 0, 0, 0, 0, 24896, 0, 2, 0, 0, 13, 2, 
1717478977127556000, 24815, 0, 0, 0, 0, 0, 0, 24960, 0, 2, 0, 0, 13, 2, 
1717478977189849000, 24879, 0, 0, 0, 0, 0, 0, 25024, 0, 2, 0, 0, 13, 2, 
1717478977252322000, 24943, 0, 0, 0, 0, 0, 0, 25088, 0, 2, 0, 0, 13, 2, 
1717478977313942000, 25007, 0, 0, 0, 0, 0, 0, 25152, 0, 2, 0, 0, 13, 2, 
1717478977377482000, 25071, 0, 0, 0, 0, 0, 0, 25216, 0, 2, 0, 0, 13, 2, 
1717478977439938000, 25135, 0, 0, 0, 0, 0, 0, 25280, 0, 2, 0, 0, 13, 2, 
1717478977500452000, 25199, 0, 0, 0, 0, 0, 0, 25344, 0, 2, 0, 0, 13, 2, 
1717478977562588000, 25263, 0, 0, 0, 0, 0, 0, 25408, 0, 2, 0, 0, 13, 2, 
1717478977626036000, 25327, 0, 0, 0, 0, 0, 0, 25472, 0, 2, 0, 0, 13, 2, 
1717478977687711000, 25391, 0, 0, 0, 0, 0, 0, 25536, 0, 2, 0, 0, 13, 2, 
1717478977750735000, 25455, 0, 0, 0, 0, 0, 0, 25600, 0, 2, 0, 0, 13, 2, 
1717478977812369000, 25519, 0, 0, 0, 0, 0, 0, 25664, 0, 2, 0, 0, 13, 2, 
1717478977873898000, 25583, 0, 0, 0, 0, 0, 0, 25728, 0, 2, 0, 0, 13, 2, 
1717478977937324000, 25647, 0, 0, 0, 0, 0, 0, 25792, 0, 2, 0, 0, 13, 2, 
1717478977999711000, 25711, 0, 0, 0, 0, 0, 0, 25856, 0, 2, 0, 0, 13, 2, 
1717478978062312000, 25775, 0, 0, 0, 0, 0, 0, 25920, 0, 2, 0, 0, 13, 2, 
1717478978122535000, 25839, 0, 0, 0, 0, 0, 0, 25984, 0, 2, 0, 0, 13, 2, 
1717478978185503000, 25903, 0, 0, 0, 0, 0, 0, 26048, 0, 2, 0, 0, 13, 2, 
1717478978249692000, 25967, 0, 0, 0, 0, 0, 0, 26112, 0, 2, 0, 0, 13, 2, 
1717478978312184000, 26031, 0, 0, 0, 0, 0, 0, 26176, 0, 2, 0, 0, 13, 2, 
1717478978373656000, 26095, 0, 0, 0, 0, 0, 0, 26240, 0, 2, 0, 0, 13, 2, 
1717478978436334000, 26159, 0, 0, 0, 0, 0, 0, 26304, 0, 2, 0, 0, 13, 2, 
1717478978497363000, 26223, 0, 0, 0, 0, 0, 0, 26368, 0, 2, 0, 0, 13, 2, 
1717478978558846000, 26287, 0, 0, 0, 0, 0, 0, 26432, 0, 2, 0, 0, 13, 2, 
1717478978620400000, 26351, 0, 0, 0, 0, 0, 0, 26496, 0, 2, 0, 0, 13, 2, 
1717478978681401000, 26415, 0, 0, 0, 0, 0, 0, 26560, 0, 2, 0, 0, 13, 2, 
1717478978744984000, 26479, 0, 0, 0, 0, 0, 0, 26624, 0, 2, 0, 0, 13, 2, 
1717478978809571000, 26543, 0, 0, 0, 0, 0, 0, 26688, 0, 2, 0, 0, 13, 2, 
1717478978872571000, 26607, 0, 0, 0, 0, 0, 0, 26752, 0, 2, 0, 0, 13, 2, 
1717478978934125000, 26671, 0, 0, 0, 0, 0, 0, 26816, 0, 2, 0, 0, 13, 2, 
1717478978995696000, 26735, 0, 0, 0, 0, 0, 0, 26880, 0, 2, 0, 0, 13, 2, 
1717478979058829000, 26799, 0, 0, 0, 0, 0, 0, 26944, 0, 2, 0, 0, 13, 2, 
1717478979122449000, 26863, 0, 0, 0, 0, 0, 0, 27008, 0, 2, 0, 0, 13, 2, 
1717478979184375000, 26927, 0, 0, 0, 0, 0, 0, 27072, 0, 2, 0, 0, 13, 2, 
1717478979246936000, 26991, 0, 0, 0, 0, 0, 0, 27136, 0, 2, 0, 0, 13, 2, 
1717478979308324000, 27055, 0, 0, 0, 0, 0, 0, 27200, 0, 2, 0, 0, 13, 2, 
1717478979370570000, 27119, 0, 0, 0, 0, 0, 0, 27264, 0, 2, 0, 0, 13, 2, 
1717478979432631000, 27183, 0, 0, 0, 0, 0, 0, 27328, 0, 2, 0, 0, 13, 2, 
1717478979495281000, 27247, 0, 0, 0, 0, 0, 0, 27392, 0, 2, 0, 0, 13, 2, 
